Workbook

Sheet Project Overview
A2: Project: Insurance Product Rules Testing and Premium Validation Project
A3: An Excel project that tests premium calculations across 1,000 synthetic auto insurance policies.
A6: Overview: | B6: This project simulates the process of testing an auto insurance rating system in Excel.
B8: I first created a rate book containing coverage base rates and the different factors that could affect a policy’s premium. These included the driver’s age, years of driving experience, accident history, annual mileage, location, vehicle value and characteristics, coverage selections, deductibles, limits, discounts, and a rate change that takes effect on January 1, 2026.
B11: I then created 1,000 test policies with different combinations of these characteristics and coverage selections.
B14: The Test Cases tab contains the original test population. Those policies are carried into the Premium Validation tab, where the applicable base rate and rating factors are added. The workbook then calculates an expected premium for each policy and compares it with a simulated system-generated premium.
B17: Each test case receives a PASS or FAIL result based on the difference between the two premiums. The workbook also identifies the factor that was most likely applied incorrectly when a policy fails.
B20: The QA Summary shows the overall testing results and breaks down the failed cases by likely cause. The Issue Log contains all 39 failed cases, along with the system premium, expected premium, difference, likely issue, recommended action, and current status.
B23: All policies, rating factors, premiums, system results, and issues in this project are synthetic. They were created for educational and portfolio purposes and do not represent the actual rates or pricing methods of any other insurance company.

Sheet Rate Book
A1: Age: | C1: Ageband | D1: Ageband Factor
C2: 16-24 | D2: 1.32
C3: 25-34 | D3: 1.23
C4: 35-44 | D4: 1
C5: 45-54 | D5: 1.07
C6: 55-64 | D6: 1.12
C7: 65+ | D7: 1.27
A10: Years Driving: | C10: Years Driving | D10: Years Driving Factor
C11: 0 | D11: 1.87
C12: 1 | D12: 1.64
C13: 2 | D13: 1.41
C14: 3 | D14: 1.22
C15: 4 | D15: 1.15
C16: 5 | D16: 1.07
C17: 6 | D17: 1
C18: 7 | D18: 0.95
C19: 8+ | D19: 0.93
A22: At Fault Accidents: | C22: At Fault Accidents | D22: At Fault Accident Factor
A23: (in last 36 months) | C23: 0 | D23: 1
C24: 1 | D24: 1.34
C25: 2 | D25: 1.55
C26: 3 | D26: 1.82
C27: 4 | D27: 2.12
C28: 5+ | D28: 2.47
A31: Usage-Based Insurance: | C31: Usage-Based Insurance | D31: Usage-Based Insurance Discount
C32: No | D32: 1
C33: Yes (Low Score) | D33: 0.95
C34: Yes (Medium Score) | D34: 0.8
C35: Yes (High Score) | D35: 0.65
A38: Yearly Miles: | C38: Yearly Miles | D38: Yearly Miles Factor
C39: 0-4,999 | D39: 0.82
C40: 5,000-8,499 | D40: 0.93
C41: 8,500-13,499 | D41: 1
C42: 13,500-16,999 | D42: 1.18
C43: 17,000+ | D43: 1.31
A46: City/Zip Code: | C46: City/Zip Code | D46: City/Zip Code Factor
C47: DTLA (90012) | D47: 1.26
C48: Koreatown (90006) | D48: 1.21
C49: Costa Mesa (92626) | D49: 0.92
C50: Hollywood (90028) | D50: 1.19
C51: Santa Monica (90401) | D51: 1.16
C52: Fountain Valley (92708) | D52: 1.15
C53: Newport Beach (92603) | D53: 0.94
C54: Lake Forrest (92609) | D54: 0.95
C55: Irvine (92602) | D55: 1.09
C56: Orange (92705) | D56: 1.02
C57: Anaheim (92801) | D57: 1.11
C58: Long Beach (90712) | D58: 1.12
... C70: Silverlake (90026 ) | D70: 1.16
A73: Vehicle Price: | C73: Vehicle Price | D73: Vehicle Price Factor
C74: $0-$4,999 | D74: 0.82
C75: $5,000-$14,999 | D75: 0.97
C76: $15,000-$24,999 | D76: 1.08
C77: $25,000-$44,999 | D77: 1.28
C78: $45,000-$84,999 | D78: 1.57
C79: $85,000-$149,999 | D79: 2.02
C80: $150,000+ | D80: 2.87
A83: Exotic Car: | C83: Exotic Car | D83: Exotic Car Factor
C84: Yes | D84: 1.28
C85: No | D85: 1
A88: Difficult Parts: | C88: Difficult Parts | D88: Difficult Parts Factor
C89: Yes | D89: 1.21
C90: No | D90: 1
A93: High Theft Rate: | C93: High Theft Rate | D93: High Theft Rate Factor
C94: Yes | D94: 1.16
C95: No | D95: 1
A98: Advanced Safety Features: | C98: Advanced Safety Features | D98: Advanced Safety Features Factor
C99: Yes | D99: 0.88
C100: No | D100: 1
A103: Coverage: | C103: Coverage | D103: Base Rate | E103: Deductible Applies | F103: Coverage Limit Applies
C104: Liability | D104: 622 | E104: No | F104: Yes
C105: Collision | D105: 453 | E105: Yes | F105: No
C106: Comprehensive | D106: 121 | E106: Yes | F106: No
C107: Uninsured Motorist | D107: 78 | E107: No | F107: Yes
C108: Rental Car Reinbursement | D108: 41 | E108: No | F108: Yes
A111: Deductible: | C111: Deductible | D111: Deductible Factor
C112: No | D112: 1
C113: Yes (Low) | D113: 0.95
C114: Yes (Medium) | D114: 0.84
C115: Yes (High) | D115: 0.72
A118: Coverage Limit: | C118: Coverage Limit | D118: Coverage Limit Factor
C119: No | D119: 1
C120: Yes (Low) | D120: 0.61
C121: Yes (Medium) | D121: 0.72
C122: Yes (High) | D122: 0.84
A125: Discounts: | C125: Discount | D125: Discount Factor
C126: Good Student | D126: 0.92
C127: Good Driver | D127: 0.89
C128: Multi Policy | D128: 0.93
C129: Loyal Customer | D129: 0.94
C130: Organization | D130: 0.97
A133: Rate Change: | C133: Effective Date | D133: Rate Change Factor
C134: 46023 | D134: 1.06

Sheet Test Cases
A1: PolicyID | B1: Effective Date | C1: Coverage | D1: Ageband | E1: Years Driving | F1: At Fault Accidents | G1: Usage-Based Insurance | H1: Yearly Miles | I1: City/Zip Code | J1: Vehicle Price | K1: Exotic Car | L1: Difficult Parts | M1: High Theft Rate | N1: Advanced Safety Features | O1: Deductible Applies | P1: Coverage Limit Applies | Q1: Deductible | R1: Coverage Limit | S1: Good Student Discount | T1: Good Driver Discount | U1: Multi Policy Discount | V1: Loyal Customer Discount | W1: Organization Discount
A2: P0001 | B2: 45908 | C2: Comprehensive | D2: 25-34 | E2: 1 | F2: 5+ | G2: Yes (Medium Score) | H2: 5,000-8,499 | I2: Costa Mesa (92626) | J2: $5,000-$14,999 | K2: No | L2: No | M2: No | N2: No | O2: =INDEX(CoverageTable[Deductible Applies],MATCH(Table18[[#This Row],[Coverage]],CoverageTable[Coverage],0)) -> Yes | P2: =INDEX(CoverageTable[Coverage Limit Applies],MATCH(Table18[[#This Row],[Coverage]],CoverageTable[Coverage],0)) -> No | Q2: Yes (Medium) | R2: No | S2: Yes | T2: No | U2: No | V2: No | W2: Yes
A3: P0002 | B3: 45889 | C3: Rental Car Reinbursement | D3: 16-24 | E3: 5 | F3: 4 | G3: No | H3: 8,500-13,499 | I3: West Hollywood (90046) | J3: $85,000-$149,999 | K3: No | L3: Yes | M3: No | N3: No | O3: =INDEX(CoverageTable[Deductible Applies],MATCH(Table18[[#This Row],[Coverage]],CoverageTable[Coverage],0)) -> No | P3: =INDEX(CoverageTable[Coverage Limit Applies],MATCH(Table18[[#This Row],[Coverage]],CoverageTable[Coverage],0)) -> Yes | Q3: No | R3: Yes (High) | S3: No | T3: No | U3: Yes | V3: No | W3: No
A4: P0003 | B4: 45946 | C4: Rental Car Reinbursement | D4: 55-64 | E4: 5 | F4: 5+ | G4: No | H4: 5,000-8,499 | I4: Anaheim (92801) | J4: $5,000-$14,999 | K4: No | L4: No | M4: No | N4: No | O4: =INDEX(CoverageTable[Deductible Applies],MATCH(Table18[[#This Row],[Coverage]],CoverageTable[Coverage],0)) -> No | P4: =INDEX(CoverageTable[Coverage Limit Applies],MATCH(Table18[[#This Row],[Coverage]],CoverageTable[Coverage],0)) -> Yes | Q4: No | R4: Yes (High) | S4: No | T4: No | U4: No | V4: No | W4: No
A5: P0004 | B5: 46106 | C5: Comprehensive | D5: 65+ | E5: 8+ | F5: 2 | G5: Yes (Medium Score) | H5: 17,000+ | I5: Westminster (92655) | J5: $0-$4,999 | K5: No | L5: No | M5: No | N5: Yes | O5: =INDEX(CoverageTable[Deductible Applies],MATCH(Table18[[#This Row],[Coverage]],CoverageTable[Coverage],0)) -> Yes | P5: =INDEX(CoverageTable[Coverage Limit Applies],MATCH(Table18[[#This Row],[Coverage]],CoverageTable[Coverage],0)) -> No | Q5: Yes (Low) | R5: No | S5: No | T5: Yes | U5: Yes | V5: No | W5: No
A6: P0005 | B6: 46023 | C6: Collision | D6: 55-64 | E6: 7 | F6: 3 | G6: Yes (Medium Score) | H6: 13,500-16,999 | I6: Culver City (90066) | J6: $25,000-$44,999 | K6: No | L6: No | M6: No | N6: Yes | O6: =INDEX(CoverageTable[Deductible Applies],MATCH(Table18[[#This Row],[Coverage]],CoverageTable[Coverage],0)) -> Yes | P6: =INDEX(CoverageTable[Coverage Limit Applies],MATCH(Table18[[#This Row],[Coverage]],CoverageTable[Coverage],0)) -> No | Q6: Yes (Low) | R6: No | S6: No | T6: No | U6: Yes | V6: No | W6: No
A7: P0006 | B7: 45924 | C7: Collision | D7: 25-34 | E7: 8+ | F7: 4 | G7: No | H7: 17,000+ | I7: Westminster (92655) | J7: $5,000-$14,999 | K7: No | L7: No | M7: No | N7: No | O7: =INDEX(CoverageTable[Deductible Applies],MATCH(Table18[[#This Row],[Coverage]],CoverageTable[Coverage],0)) -> Yes | P7: =INDEX(CoverageTable[Coverage Limit Applies],MATCH(Table18[[#This Row],[Coverage]],CoverageTable[Coverage],0)) -> No | Q7: Yes (High) | R7: No | S7: No | T7: No | U7: No | V7: No | W7: No
A8: P0007 | B8: 46120 | C8: Rental Car Reinbursement | D8: 35-44 | E8: 5 | F8: 3 | G8: No | H8: 0-4,999 | I8: Silverlake (90026 ) | J8: $85,000-$149,999 | K8: No | L8: No | M8: No | N8: No | O8: =INDEX(CoverageTable[Deductible Applies],MATCH(Table18[[#This Row],[Coverage]],CoverageTable[Coverage],0)) -> No | P8: =INDEX(CoverageTable[Coverage Limit Applies],MATCH(Table18[[#This Row],[Coverage]],CoverageTable[Coverage],0)) -> Yes | Q8: No | R8: Yes (Low) | S8: No | T8: No | U8: No | V8: No | W8: No
A9: P0008 | B9: 46143 | C9: Liability | D9: 25-34 | E9: 7 | F9: 2 | G9: Yes (Medium Score) | H9: 8,500-13,499 | I9: Compton (90220) | J9: $45,000-$84,999 | K9: No | L9: No | M9: No | N9: Yes | O9: =INDEX(CoverageTable[Deductible Applies],MATCH(Table18[[#This Row],[Coverage]],CoverageTable[Coverage],0)) -> No | P9: =INDEX(CoverageTable[Coverage Limit Applies],MATCH(Table18[[#This Row],[Coverage]],CoverageTable[Coverage],0)) -> Yes | Q9: No | R9: Yes (Medium) | S9: Yes | T9: No | U9: No | V9: No | W9: No
A10: P0009 | B10: 46072 | C10: Liability | D10: 35-44 | E10: 6 | F10: 3 | G10: Yes (High Score) | H10: 17,000+ | I10: Newport Beach (92603) | J10: $85,000-$149,999 | K10: No | L10: No | M10: No | N10: No | O10: =INDEX(CoverageTable[Deductible Applies],MATCH(Table18[[#This Row],[Coverage]],CoverageTable[Coverage],0)) -> No | P10: =INDEX(CoverageTable[Coverage Limit Applies],MATCH(Table18[[#This Row],[Coverage]],CoverageTable[Coverage],0)) -> Yes | Q10: No | R10: Yes (Medium) | S10: Yes | T10: Yes | U10: Yes | V10: No | W10: Yes
A11: P0010 | B11: 45997 | C11: Liability | D11: 25-34 | E11: 8+ | F11: 2 | G11: No | H11: 5,000-8,499 | I11: Huntington Beach (90742) | J11: $15,000-$24,999 | K11: No | L11: No | M11: No | N11: No | O11: =INDEX(CoverageTable[Deductible Applies],MATCH(Table18[[#This Row],[Coverage]],CoverageTable[Coverage],0)) -> No | P11: =INDEX(CoverageTable[Coverage Limit Applies],MATCH(Table18[[#This Row],[Coverage]],CoverageTable[Coverage],0)) -> Yes | Q11: No | R11: Yes (Medium) | S11: No | T11: No | U11: No | V11: No | W11: Yes
A12: P0011 | B12: 46063 | C12: Comprehensive | D12: 35-44 | E12: 2 | F12: 1 | G12: No | H12: 5,000-8,499 | I12: Culver City (90066) | J12: $15,000-$24,999 | K12: Yes | L12: No | M12: No | N12: No | O12: =INDEX(CoverageTable[Deductible Applies],MATCH(Table18[[#This Row],[Coverage]],CoverageTable[Coverage],0)) -> Yes | P12: =INDEX(CoverageTable[Coverage Limit Applies],MATCH(Table18[[#This Row],[Coverage]],CoverageTable[Coverage],0)) -> No | Q12: Yes (High) | R12: No | S12: No | T12: No | U12: No | V12: Yes | W12: No
A13: P0012 | B13: 46097 | C13: Liability | D13: 65+ | E13: 5 | F13: 5+ | G13: Yes (Low Score) | H13: 17,000+ | I13: West Hollywood (90046) | J13: $15,000-$24,999 | K13: No | L13: No | M13: Yes | N13: Yes | O13: =INDEX(CoverageTable[Deductible Applies],MATCH(Table18[[#This Row],[Coverage]],CoverageTable[Coverage],0)) -> No | P13: =INDEX(CoverageTable[Coverage Limit Applies],MATCH(Table18[[#This Row],[Coverage]],CoverageTable[Coverage],0)) -> Yes | Q13: No | R13: Yes (Medium) | S13: Yes | T13: Yes | U13: No | V13: No | W13: No
A14: P0013 | B14: 46139 | C14: Uninsured Motorist | D14: 45-54 | E14: 1 | F14: 3 | G14: Yes (Low Score) | H14: 13,500-16,999 | I14: Torrance (90248) | J14: $5,000-$14,999 | K14: Yes | L14: No | M14: No | N14: Yes | O14: =INDEX(CoverageTable[Deductible Applies],MATCH(Table18[[#This Row],[Coverage]],CoverageTable[Coverage],0)) -> No | P14: =INDEX(CoverageTable[Coverage Limit Applies],MATCH(Table18[[#This Row],[Coverage]],CoverageTable[Coverage],0)) -> Yes | Q14: No | R14: Yes (Medium) | S14: No | T14: No | U14: No | V14: No | W14: No
A15: P0014 | B15: 45901 | C15: Liability | D15: 55-64 | E15: 5 | F15: 3 | G15: Yes (High Score) | H15: 17,000+ | I15: Costa Mesa (92626) | J15: $45,000-$84,999 | K15: No | L15: No | M15: No | N15: Yes | O15: =INDEX(CoverageTable[Deductible Applies],MATCH(Table18[[#This Row],[Coverage]],CoverageTable[Coverage],0)) -> No | P15: =INDEX(CoverageTable[Coverage Limit Applies],MATCH(Table18[[#This Row],[Coverage]],CoverageTable[Coverage],0)) -> Yes | Q15: No | R15: Yes (Medium) | S15: No | T15: Yes | U15: No | V15: Yes | W15: No
A16: P0015 | B16: 45813 | C16: Liability | D16: 35-44 | E16: 7 | F16: 4 | G16: No | H16: 5,000-8,499 | I16: Long Beach (90712) | J16: $0-$4,999 | K16: No | L16: No | M16: No | N16: Yes | O16: =INDEX(CoverageTable[Deductible Applies],MATCH(Table18[[#This Row],[Coverage]],CoverageTable[Coverage],0)) -> No | P16: =INDEX(CoverageTable[Coverage Limit Applies],MATCH(Table18[[#This Row],[Coverage]],CoverageTable[Coverage],0)) -> Yes | Q16: No | R16: Yes (Medium) | S16: No | T16: No | U16: No | V16: No | W16: Yes
A17: P0016 | B17: 45944 | C17: Collision | D17: 16-24 | E17: 7 | F17: 0 | G17: Yes (Medium Score) | H17: 8,500-13,499 | I17: Fullerton (92832) | J17: $150,000+ | K17: No | L17: No | M17: No | N17: No | O17: =INDEX(CoverageTable[Deductible Applies],MATCH(Table18[[#This Row],[Coverage]],CoverageTable[Coverage],0)) -> Yes | P17: =INDEX(CoverageTable[Coverage Limit Applies],MATCH(Table18[[#This Row],[Coverage]],CoverageTable[Coverage],0)) -> No | Q17: Yes (Medium) | R17: No | S17: No | T17: Yes | U17: No | V17: No | W17: No
A18: P0017 | B18: 45792 | C18: Uninsured Motorist | D18: 65+ | E18: 7 | F18: 1 | G18: Yes (Low Score) | H18: 17,000+ | I18: Compton (90220) | J18: $5,000-$14,999 | K18: No | L18: No | M18: No | N18: Yes | O18: =INDEX(CoverageTable[Deductible Applies],MATCH(Table18[[#This Row],[Coverage]],CoverageTable[Coverage],0)) -> No | P18: =INDEX(CoverageTable[Coverage Limit Applies],MATCH(Table18[[#This Row],[Coverage]],CoverageTable[Coverage],0)) -> Yes | Q18: No | R18: Yes (High) | S18: No | T18: No | U18: No | V18: No | W18: No
A19: P0018 | B19: 45825 | C19: Collision | D19: 65+ | E19: 7 | F19: 1 | G19: No | H19: 0-4,999 | I19: West Hollywood (90046) | J19: $15,000-$24,999 | K19: No | L19: No | M19: No | N19: No | O19: =INDEX(CoverageTable[Deductible Applies],MATCH(Table18[[#This Row],[Coverage]],CoverageTable[Coverage],0)) -> Yes | P19: =INDEX(CoverageTable[Coverage Limit Applies],MATCH(Table18[[#This Row],[Coverage]],CoverageTable[Coverage],0)) -> No | Q19: Yes (Low) | R19: No | S19: No | T19: No | U19: No | V19: No | W19: No
A20: P0019 | B20: 46085 | C20: Uninsured Motorist | D20: 65+ | E20: 3 | F20: 5+ | G20: No | H20: 0-4,999 | I20: Santa Monica (90401) | J20: $15,000-$24,999 | K20: No | L20: Yes | M20: No | N20: Yes | O20: =INDEX(CoverageTable[Deductible Applies],MATCH(Table18[[#This Row],[Coverage]],CoverageTable[Coverage],0)) -> No | P20: =INDEX(CoverageTable[Coverage Limit Applies],MATCH(Table18[[#This Row],[Coverage]],CoverageTable[Coverage],0)) -> Yes | Q20: No | R20: Yes (High) | S20: No | T20: No | U20: No | V20: No | W20: No
A21: P0020 | B21: 45889 | C21: Uninsured Motorist | D21: 25-34 | E21: 6 | F21: 0 | G21: Yes (High Score) | H21: 8,500-13,499 | I21: Compton (90220) | J21: $85,000-$149,999 | K21: No | L21: No | M21: No | N21: Yes | O21: =INDEX(CoverageTable[Deductible Applies],MATCH(Table18[[#This Row],[Coverage]],CoverageTable[Coverage],0)) -> No | P21: =INDEX(CoverageTable[Coverage Limit Applies],MATCH(Table18[[#This Row],[Coverage]],CoverageTable[Coverage],0)) -> Yes | Q21: No | R21: Yes (High) | S21: No | T21: No | U21: No | V21: No | W21: No
A22: P0021 | B22: 45863 | C22: Collision | D22: 16-24 | E22: 1 | F22: 4 | G22: No | H22: 0-4,999 | I22: Westminster (92655) | J22: $0-$4,999 | K22: No | L22: No | M22: No | N22: Yes | O22: =INDEX(CoverageTable[Deductible Applies],MATCH(Table18[[#This Row],[Coverage]],CoverageTable[Coverage],0)) -> Yes | P22: =INDEX(CoverageTable[Coverage Limit Applies],MATCH(Table18[[#This Row],[Coverage]],CoverageTable[Coverage],0)) -> No | Q22: Yes (Low) | R22: No | S22: No | T22: No | U22: No | V22: Yes | W22: No
A23: P0022 | B23: 45961 | C23: Collision | D23: 65+ | E23: 7 | F23: 3 | G23: Yes (Low Score) | H23: 13,500-16,999 | I23: Compton (90220) | J23: $45,000-$84,999 | K23: No | L23: No | M23: Yes | N23: Yes | O23: =INDEX(CoverageTable[Deductible Applies],MATCH(Table18[[#This Row],[Coverage]],CoverageTable[Coverage],0)) -> Yes | P23: =INDEX(CoverageTable[Coverage Limit Applies],MATCH(Table18[[#This Row],[Coverage]],CoverageTable[Coverage],0)) -> No | Q23: Yes (Low) | R23: No | S23: No | T23: Yes | U23: No | V23: No | W23: No
A24: P0023 | B24: 45867 | C24: Collision | D24: 25-34 | E24: 2 | F24: 0 | G24: No | H24: 0-4,999 | I24: Fullerton (92832) | J24: $25,000-$44,999 | K24: No | L24: No | M24: No | N24: No | O24: =INDEX(CoverageTable[Deductible Applies],MATCH(Table18[[#This Row],[Coverage]],CoverageTable[Coverage],0)) -> Yes | P24: =INDEX(CoverageTable[Coverage Limit Applies],MATCH(Table18[[#This Row],[Coverage]],CoverageTable[Coverage],0)) -> No | Q24: Yes (Low) | R24: No | S24: No | T24: Yes | U24: Yes | V24: No | W24: No
A25: P0024 | B25: 45824 | C25: Collision | D25: 65+ | E25: 1 | F25: 0 | G25: No | H25: 13,500-16,999 | I25: Westminster (92655) | J25: $45,000-$84,999 | K25: No | L25: No | M25: Yes | N25: No | O25: =INDEX(CoverageTable[Deductible Applies],MATCH(Table18[[#This Row],[Coverage]],CoverageTable[Coverage],0)) -> Yes | P25: =INDEX(CoverageTable[Coverage Limit Applies],MATCH(Table18[[#This Row],[Coverage]],CoverageTable[Coverage],0)) -> No | Q25: Yes (Medium) | R25: No | S25: No | T25: No | U25: No | V25: No | W25: No
A26: P0025 | B26: 45861 | C26: Collision | D26: 45-54 | E26: 1 | F26: 0 | G26: Yes (High Score) | H26: 8,500-13,499 | I26: Lake Forrest (92609) | J26: $25,000-$44,999 | K26: No | L26: No | M26: No | N26: Yes | O26: =INDEX(CoverageTable[Deductible Applies],MATCH(Table18[[#This Row],[Coverage]],CoverageTable[Coverage],0)) -> Yes | P26: =INDEX(CoverageTable[Coverage Limit Applies],MATCH(Table18[[#This Row],[Coverage]],CoverageTable[Coverage],0)) -> No | Q26: Yes (High) | R26: No | S26: No | T26: No | U26: No | V26: No | W26: No
A27: P0026 | B27: 46043 | C27: Collision | D27: 65+ | E27: 2 | F27: 3 | G27: No | H27: 5,000-8,499 | I27: Culver City (90066) | J27: $150,000+ | K27: No | L27: Yes | M27: No | N27: Yes | O27: =INDEX(CoverageTable[Deductible Applies],MATCH(Table18[[#This Row],[Coverage]],CoverageTable[Coverage],0)) -> Yes | P27: =INDEX(CoverageTable[Coverage Limit Applies],MATCH(Table18[[#This Row],[Coverage]],CoverageTable[Coverage],0)) -> No | Q27: Yes (Low) | R27: No | S27: Yes | T27: No | U27: No | V27: No | W27: No
A28: P0027 | B28: 45927 | C28: Liability | D28: 35-44 | E28: 8+ | F28: 2 | G28: Yes (High Score) | H28: 5,000-8,499 | I28: Silverlake (90026 ) | J28: $5,000-$14,999 | K28: No | L28: No | M28: No | N28: Yes | O28: =INDEX(CoverageTable[Deductible Applies],MATCH(Table18[[#This Row],[Coverage]],CoverageTable[Coverage],0)) -> No | P28: =INDEX(CoverageTable[Coverage Limit Applies],MATCH(Table18[[#This Row],[Coverage]],CoverageTable[Coverage],0)) -> Yes | Q28: No | R28: Yes (High) | S28: No | T28: No | U28: Yes | V28: No | W28: No
A29: P0028 | B29: 45799 | C29: Rental Car Reinbursement | D29: 45-54 | E29: 3 | F29: 1 | G29: Yes (Medium Score) | H29: 13,500-16,999 | I29: Hawthorne (90250) | J29: $85,000-$149,999 | K29: No | L29: No | M29: No | N29: No | O29: =INDEX(CoverageTable[Deductible Applies],MATCH(Table18[[#This Row],[Coverage]],CoverageTable[Coverage],0)) -> No | P29: =INDEX(CoverageTable[Coverage Limit Applies],MATCH(Table18[[#This Row],[Coverage]],CoverageTable[Coverage],0)) -> Yes | Q29: No | R29: Yes (High) | S29: No | T29: No | U29: No | V29: No | W29: Yes
A30: P0029 | B30: 45819 | C30: Rental Car Reinbursement | D30: 25-34 | E30: 5 | F30: 2 | G30: Yes (Low Score) | H30: 13,500-16,999 | I30: Beverly Hills (90035) | J30: $25,000-$44,999 | K30: No | L30: No | M30: No | N30: No | O30: =INDEX(CoverageTable[Deductible Applies],MATCH(Table18[[#This Row],[Coverage]],CoverageTable[Coverage],0)) -> No | P30: =INDEX(CoverageTable[Coverage Limit Applies],MATCH(Table18[[#This Row],[Coverage]],CoverageTable[Coverage],0)) -> Yes | Q30: No | R30: Yes (High) | S30: No | T30: No | U30: No | V30: No | W30: No
A31: P0030 | B31: 45933 | C31: Uninsured Motorist | D31: 25-34 | E31: 3 | F31: 1 | G31: No | H31: 17,000+ | I31: Culver City (90066) | J31: $5,000-$14,999 | K31: No | L31: No | M31: No | N31: Yes | O31: =INDEX(CoverageTable[Deductible Applies],MATCH(Table18[[#This Row],[Coverage]],CoverageTable[Coverage],0)) -> No | P31: =INDEX(CoverageTable[Coverage Limit Applies],MATCH(Table18[[#This Row],[Coverage]],CoverageTable[Coverage],0)) -> Yes | Q31: No | R31: Yes (High) | S31: No | T31: No | U31: Yes | V31: No | W31: No
A32: P0031 | B32: 46047 | C32: Liability | D32: 16-24 | E32: 1 | F32: 0 | G32: Yes (Medium Score) | H32: 5,000-8,499 | I32: Silverlake (90026 ) | J32: $15,000-$24,999 | K32: Yes | L32: No | M32: No | N32: No | O32: =INDEX(CoverageTable[Deductible Applies],MATCH(Table18[[#This Row],[Coverage]],CoverageTable[Coverage],0)) -> No | P32: =INDEX(CoverageTable[Coverage Limit Applies],MATCH(Table18[[#This Row],[Coverage]],CoverageTable[Coverage],0)) -> Yes | Q32: No | R32: Yes (Medium) | S32: No | T32: No | U32: No | V32: No | W32: No
A33: P0032 | B33: 45927 | C33: Collision | D33: 25-34 | E33: 4 | F33: 4 | G33: No | H33: 17,000+ | I33: DTLA (90012) | J33: $5,000-$14,999 | K33: No | L33: No | M33: No | N33: Yes | O33: =INDEX(CoverageTable[Deductible Applies],MATCH(Table18[[#This Row],[Coverage]],CoverageTable[Coverage],0)) -> Yes | P33: =INDEX(CoverageTable[Coverage Limit Applies],MATCH(Table18[[#This Row],[Coverage]],CoverageTable[Coverage],0)) -> No | Q33: Yes (Low) | R33: No | S33: No | T33: Yes | U33: No | V33: No | W33: No
A34: P0033 | B34: 45841 | C34: Liability | D34: 25-34 | E34: 5 | F34: 4 | G34: No | H34: 17,000+ | I34: DTLA (90012) | J34: $0-$4,999 | K34: No | L34: No | M34: No | N34: Yes | O34: =INDEX(CoverageTable[Deductible Applies],MATCH(Table18[[#This Row],[Coverage]],CoverageTable[Coverage],0)) -> No | P34: =INDEX(CoverageTable[Coverage Limit Applies],MATCH(Table18[[#This Row],[Coverage]],CoverageTable[Coverage],0)) -> Yes | Q34: No | R34: Yes (Medium) | S34: No | T34: No | U34: No | V34: No | W34: No
A35: P0034 | B35: 45816 | C35: Liability | D35: 45-54 | E35: 8+ | F35: 4 | G35: Yes (Medium Score) | H35: 5,000-8,499 | I35: Silverlake (90026 ) | J35: $25,000-$44,999 | K35: No | L35: No | M35: No | N35: Yes | O35: =INDEX(CoverageTable[Deductible Applies],MATCH(Table18[[#This Row],[Coverage]],CoverageTable[Coverage],0)) -> No | P35: =INDEX(CoverageTable[Coverage Limit Applies],MATCH(Table18[[#This Row],[Coverage]],CoverageTable[Coverage],0)) -> Yes | Q35: No | R35: Yes (Low) | S35: Yes | T35: No | U35: No | V35: No | W35: No
A36: P0035 | B36: 46131 | C36: Rental Car Reinbursement | D36: 65+ | E36: 5 | F36: 1 | G36: No | H36: 13,500-16,999 | I36: Fullerton (92832) | J36: $15,000-$24,999 | K36: No | L36: No | M36: No | N36: Yes | O36: =INDEX(CoverageTable[Deductible Applies],MATCH(Table18[[#This Row],[Coverage]],CoverageTable[Coverage],0)) -> No | P36: =INDEX(CoverageTable[Coverage Limit Applies],MATCH(Table18[[#This Row],[Coverage]],CoverageTable[Coverage],0)) -> Yes | Q36: No | R36: Yes (Medium) | S36: No | T36: No | U36: No | V36: Yes | W36: No
A37: P0036 | B37: 45872 | C37: Collision | D37: 45-54 | E37: 7 | F37: 0 | G37: No | H37: 8,500-13,499 | I37: Long Beach (90712) | J37: $0-$4,999 | K37: No | L37: No | M37: No | N37: Yes | O37: =INDEX(CoverageTable[Deductible Applies],MATCH(Table18[[#This Row],[Coverage]],CoverageTable[Coverage],0)) -> Yes | P37: =INDEX(CoverageTable[Coverage Limit Applies],MATCH(Table18[[#This Row],[Coverage]],CoverageTable[Coverage],0)) -> No | Q37: Yes (Low) | R37: No | S37: No | T37: No | U37: Yes | V37: No | W37: No
A38: P0037 | B38: 46077 | C38: Liability | D38: 45-54 | E38: 7 | F38: 3 | G38: No | H38: 8,500-13,499 | I38: Hollywood (90028) | J38: $150,000+ | K38: No | L38: No | M38: No | N38: No | O38: =INDEX(CoverageTable[Deductible Applies],MATCH(Table18[[#This Row],[Coverage]],CoverageTable[Coverage],0)) -> No | P38: =INDEX(CoverageTable[Coverage Limit Applies],MATCH(Table18[[#This Row],[Coverage]],CoverageTable[Coverage],0)) -> Yes | Q38: No | R38: Yes (Low) | S38: No | T38: Yes | U38: No | V38: No | W38: No
A39: P0038 | B39: 46113 | C39: Liability | D39: 55-64 | E39: 2 | F39: 0 | G39: No | H39: 13,500-16,999 | I39: West Hollywood (90046) | J39: $45,000-$84,999 | K39: No | L39: No | M39: Yes | N39: No | O39: =INDEX(CoverageTable[Deductible Applies],MATCH(Table18[[#This Row],[Coverage]],CoverageTable[Coverage],0)) -> No | P39: =INDEX(CoverageTable[Coverage Limit Applies],MATCH(Table18[[#This Row],[Coverage]],CoverageTable[Coverage],0)) -> Yes | Q39: No | R39: Yes (Medium) | S39: No | T39: No | U39: No | V39: No | W39: No
A40: P0039 | B40: 46128 | C40: Liability | D40: 35-44 | E40: 6 | F40: 2 | G40: Yes (Low Score) | H40: 8,500-13,499 | I40: Cypress (90630) | J40: $85,000-$149,999 | K40: No | L40: No | M40: No | N40: Yes | O40: =INDEX(CoverageTable[Deductible Applies],MATCH(Table18[[#This Row],[Coverage]],CoverageTable[Coverage],0)) -> No | P40: =INDEX(CoverageTable[Coverage Limit Applies],MATCH(Table18[[#This Row],[Coverage]],CoverageTable[Coverage],0)) -> Yes | Q40: No | R40: Yes (Low) | S40: No | T40: No | U40: No | V40: No | W40: Yes
A41: P0040 | B41: 45901 | C41: Rental Car Reinbursement | D41: 65+ | E41: 1 | F41: 1 | G41: Yes (Low Score) | H41: 0-4,999 | I41: Huntington Beach (90742) | J41: $5,000-$14,999 | K41: No | L41: No | M41: Yes | N41: No | O41: =INDEX(CoverageTable[Deductible Applies],MATCH(Table18[[#This Row],[Coverage]],CoverageTable[Coverage],0)) -> No | P41: =INDEX(CoverageTable[Coverage Limit Applies],MATCH(Table18[[#This Row],[Coverage]],CoverageTable[Coverage],0)) -> Yes | Q41: No | R41: Yes (Medium) | S41: Yes | T41: Yes | U41: No | V41: No | W41: No
A42: P0041 | B42: 45992 | C42: Liability | D42: 25-34 | E42: 7 | F42: 1 | G42: No | H42: 0-4,999 | I42: Culver City (90066) | J42: $25,000-$44,999 | K42: No | L42: No | M42: No | N42: Yes | O42: =INDEX(CoverageTable[Deductible Applies],MATCH(Table18[[#This Row],[Coverage]],CoverageTable[Coverage],0)) -> No | P42: =INDEX(CoverageTable[Coverage Limit Applies],MATCH(Table18[[#This Row],[Coverage]],CoverageTable[Coverage],0)) -> Yes | Q42: No | R42: Yes (Low) | S42: No | T42: Yes | U42: No | V42: No | W42: No
A43: P0042 | B43: 45994 | C43: Comprehensive | D43: 16-24 | E43: 8+ | F43: 4 | G43: Yes (High Score) | H43: 0-4,999 | I43: Long Beach (90712) | J43: $0-$4,999 | K43: No | L43: No | M43: No | N43: No | O43: =INDEX(CoverageTable[Deductible Applies],MATCH(Table18[[#This Row],[Coverage]],CoverageTable[Coverage],0)) -> Yes | P43: =INDEX(CoverageTable[Coverage Limit Applies],MATCH(Table18[[#This Row],[Coverage]],CoverageTable[Coverage],0)) -> No | Q43: Yes (Medium) | R43: No | S43: No | T43: Yes | U43: No | V43: No | W43: No
A44: P0043 | B44: 45806 | C44: Collision | D44: 55-64 | E44: 3 | F44: 4 | G44: Yes (Low Score) | H44: 17,000+ | I44: Long Beach (90712) | J44: $0-$4,999 | K44: No | L44: Yes | M44: No | N44: Yes | O44: =INDEX(CoverageTable[Deductible Applies],MATCH(Table18[[#This Row],[Coverage]],CoverageTable[Coverage],0)) -> Yes | P44: =INDEX(CoverageTable[Coverage Limit Applies],MATCH(Table18[[#This Row],[Coverage]],CoverageTable[Coverage],0)) -> No | Q44: Yes (Medium) | R44: No | S44: No | T44: Yes | U44: Yes | V44: No | W44: No
A45: P0044 | B45: 45781 | C45: Uninsured Motorist | D45: 25-34 | E45: 8+ | F45: 0 | G45: No | H45: 13,500-16,999 | I45: Irvine (92602) | J45: $45,000-$84,999 | K45: No | L45: No | M45: No | N45: No | O45: =INDEX(CoverageTable[Deductible Applies],MATCH(Table18[[#This Row],[Coverage]],CoverageTable[Coverage],0)) -> No | P45: =INDEX(CoverageTable[Coverage Limit Applies],MATCH(Table18[[#This Row],[Coverage]],CoverageTable[Coverage],0)) -> Yes | Q45: No | R45: Yes (High) | S45: No | T45: No | U45: No | V45: No | W45: No
A46: P0045 | B46: 45987 | C46: Liability | D46: 35-44 | E46: 3 | F46: 1 | G46: Yes (Low Score) | H46: 0-4,999 | I46: Newport Beach (92603) | J46: $150,000+ | K46: No | L46: No | M46: Yes | N46: No | O46: =INDEX(CoverageTable[Deductible Applies],MATCH(Table18[[#This Row],[Coverage]],CoverageTable[Coverage],0)) -> No | P46: =INDEX(CoverageTable[Coverage Limit Applies],MATCH(Table18[[#This Row],[Coverage]],CoverageTable[Coverage],0)) -> Yes | Q46: No | R46: Yes (High) | S46: No | T46: No | U46: No | V46: No | W46: No
A47: P0046 | B47: 45867 | C47: Rental Car Reinbursement | D47: 55-64 | E47: 8+ | F47: 1 | G47: Yes (High Score) | H47: 13,500-16,999 | I47: Long Beach (90712) | J47: $15,000-$24,999 | K47: No | L47: No | M47: No | N47: No | O47: =INDEX(CoverageTable[Deductible Applies],MATCH(Table18[[#This Row],[Coverage]],CoverageTable[Coverage],0)) -> No | P47: =INDEX(CoverageTable[Coverage Limit Applies],MATCH(Table18[[#This Row],[Coverage]],CoverageTable[Coverage],0)) -> Yes | Q47: No | R47: Yes (Low) | S47: No | T47: Yes | U47: Yes | V47: No | W47: No
A48: P0047 | B48: 45884 | C48: Liability | D48: 55-64 | E48: 4 | F48: 3 | G48: No | H48: 17,000+ | I48: Hawthorne (90250) | J48: $150,000+ | K48: No | L48: Yes | M48: No | N48: Yes | O48: =INDEX(CoverageTable[Deductible Applies],MATCH(Table18[[#This Row],[Coverage]],CoverageTable[Coverage],0)) -> No | P48: =INDEX(CoverageTable[Coverage Limit Applies],MATCH(Table18[[#This Row],[Coverage]],CoverageTable[Coverage],0)) -> Yes | Q48: No | R48: Yes (Low) | S48: Yes | T48: No | U48: Yes | V48: No | W48: No
A49: P0048 | B49: 45960 | C49: Liability | D49: 65+ | E49: 1 | F49: 1 | G49: Yes (High Score) | H49: 5,000-8,499 | I49: Hawthorne (90250) | J49: $85,000-$149,999 | K49: No | L49: No | M49: No | N49: Yes | O49: =INDEX(CoverageTable[Deductible Applies],MATCH(Table18[[#This Row],[Coverage]],CoverageTable[Coverage],0)) -> No | P49: =INDEX(CoverageTable[Coverage Limit Applies],MATCH(Table18[[#This Row],[Coverage]],CoverageTable[Coverage],0)) -> Yes | Q49: No | R49: Yes (Low) | S49: No | T49: Yes | U49: Yes | V49: No | W49: No
A50: P0049 | B50: 45926 | C50: Collision | D50: 25-34 | E50: 4 | F50: 0 | G50: No | H50: 8,500-13,499 | I50: Costa Mesa (92626) | J50: $5,000-$14,999 | K50: No | L50: No | M50: No | N50: No | O50: =INDEX(CoverageTable[Deductible Applies],MATCH(Table18[[#This Row],[Coverage]],CoverageTable[Coverage],0)) -> Yes | P50: =INDEX(CoverageTable[Coverage Limit Applies],MATCH(Table18[[#This Row],[Coverage]],CoverageTable[Coverage],0)) -> No | Q50: Yes (Medium) | R50: No | S50: No | T50: Yes | U50: Yes | V50: No | W50: No
A51: P0050 | B51: 45931 | C51: Uninsured Motorist | D51: 25-34 | E51: 7 | F51: 3 | G51: Yes (High Score) | H51: 17,000+ | I51: Hollywood (90028) | J51: $150,000+ | K51: No | L51: No | M51: No | N51: Yes | O51: =INDEX(CoverageTable[Deductible Applies],MATCH(Table18[[#This Row],[Coverage]],CoverageTable[Coverage],0)) -> No | P51: =INDEX(CoverageTable[Coverage Limit Applies],MATCH(Table18[[#This Row],[Coverage]],CoverageTable[Coverage],0)) -> Yes | Q51: No | R51: Yes (Medium) | S51: Yes | T51: No | U51: No | V51: Yes | W51: No
A52: P0051 | B52: 45817 | C52: Liability | D52: 55-64 | E52: 6 | F52: 1 | G52: No | H52: 8,500-13,499 | I52: Orange (92705) | J52: $5,000-$14,999 | K52: No | L52: Yes | M52: No | N52: Yes | O52: =INDEX(CoverageTable[Deductible Applies],MATCH(Table18[[#This Row],[Coverage]],CoverageTable[Coverage],0)) -> No | P52: =INDEX(CoverageTable[Coverage Limit Applies],MATCH(Table18[[#This Row],[Coverage]],CoverageTable[Coverage],0)) -> Yes | Q52: No | R52: Yes (Low) | S52: No | T52: Yes | U52: Yes | V52: No | W52: Yes
A53: P0052 | B53: 45970 | C53: Liability | D53: 16-24 | E53: 2 | F53: 1 | G53: Yes (Low Score) | H53: 13,500-16,999 | I53: Koreatown (90006) | J53: $5,000-$14,999 | K53: No | L53: No | M53: No | N53: No | O53: =INDEX(CoverageTable[Deductible Applies],MATCH(Table18[[#This Row],[Coverage]],CoverageTable[Coverage],0)) -> No | P53: =INDEX(CoverageTable[Coverage Limit Applies],MATCH(Table18[[#This Row],[Coverage]],CoverageTable[Coverage],0)) -> Yes | Q53: No | R53: Yes (Low) | S53: No | T53: No | U53: No | V53: No | W53: No
A54: P0053 | B54: 46091 | C54: Collision | D54: 55-64 | E54: 8+ | F54: 4 | G54: Yes (Low Score) | H54: 8,500-13,499 | I54: West Hollywood (90046) | J54: $0-$4,999 | K54: No | L54: Yes | M54: No | N54: No | O54: =INDEX(CoverageTable[Deductible Applies],MATCH(Table18[[#This Row],[Coverage]],CoverageTable[Coverage],0)) -> Yes | P54: =INDEX(CoverageTable[Coverage Limit Applies],MATCH(Table18[[#This Row],[Coverage]],CoverageTable[Coverage],0)) -> No | Q54: Yes (Low) | R54: No | S54: No | T54: No | U54: No | V54: Yes | W54: No
A55: P0054 | B55: 45990 | C55: Collision | D55: 55-64 | E55: 3 | F55: 1 | G55: Yes (High Score) | H55: 8,500-13,499 | I55: Newport Beach (92603) | J55: $0-$4,999 | K55: No | L55: No | M55: No | N55: No | O55: =INDEX(CoverageTable[Deductible Applies],MATCH(Table18[[#This Row],[Coverage]],CoverageTable[Coverage],0)) -> Yes | P55: =INDEX(CoverageTable[Coverage Limit Applies],MATCH(Table18[[#This Row],[Coverage]],CoverageTable[Coverage],0)) -> No | Q55: Yes (Medium) | R55: No | S55: No | T55: No | U55: No | V55: No | W55: No
A56: P0055 | B56: 45863 | C56: Comprehensive | D56: 55-64 | E56: 4 | F56: 5+ | G56: No | H56: 17,000+ | I56: Santa Ana (92702) | J56: $15,000-$24,999 | K56: No | L56: No | M56: No | N56: No | O56: =INDEX(CoverageTable[Deductible Applies],MATCH(Table18[[#This Row],[Coverage]],CoverageTable[Coverage],0)) -> Yes | P56: =INDEX(CoverageTable[Coverage Limit Applies],MATCH(Table18[[#This Row],[Coverage]],CoverageTable[Coverage],0)) -> No | Q56: Yes (High) | R56: No | S56: No | T56: No | U56: No | V56: No | W56: No
A57: P0056 | B57: 45847 | C57: Collision | D57: 25-34 | E57: 7 | F57: 5+ | G57: No | H57: 8,500-13,499 | I57: Lake Forrest (92609) | J57: $0-$4,999 | K57: No | L57: No | M57: Yes | N57: Yes | O57: =INDEX(CoverageTable[Deductible Applies],MATCH(Table18[[#This Row],[Coverage]],CoverageTable[Coverage],0)) -> Yes | P57: =INDEX(CoverageTable[Coverage Limit Applies],MATCH(Table18[[#This Row],[Coverage]],CoverageTable[Coverage],0)) -> No | Q57: Yes (Low) | R57: No | S57: No | T57: Yes | U57: Yes | V57: Yes | W57: Yes
A58: P0057 | B58: 46132 | C58: Collision | D58: 35-44 | E58: 4 | F58: 1 | G58: Yes (Medium Score) | H58: 13,500-16,999 | I58: Torrance (90248) | J58: $150,000+ | K58: No | L58: No | M58: Yes | N58: No | O58: =INDEX(CoverageTable[Deductible Applies],MATCH(Table18[[#This Row],[Coverage]],CoverageTable[Coverage],0)) -> Yes | P58: =INDEX(CoverageTable[Coverage Limit Applies],MATCH(Table18[[#This Row],[Coverage]],CoverageTable[Coverage],0)) -> No | Q58: Yes (Low) | R58: No | S58: No | T58: No | U58: No | V58: No | W58: No
A59: P0058 | B59: 45920 | C59: Liability | D59: 25-34 | E59: 8+ | F59: 1 | G59: No | H59: 0-4,999 | I59: West Hollywood (90046) | J59: $25,000-$44,999 | K59: No | L59: No | M59: No | N59: Yes | O59: =INDEX(CoverageTable[Deductible Applies],MATCH(Table18[[#This Row],[Coverage]],CoverageTable[Coverage],0)) -> No | P59: =INDEX(CoverageTable[Coverage Limit Applies],MATCH(Table18[[#This Row],[Coverage]],CoverageTable[Coverage],0)) -> Yes | Q59: No | R59: Yes (High) | S59: No | T59: No | U59: Yes | V59: No | W59: No
A60: P0059 | B60: 45996 | C60: Liability | D60: 55-64 | E60: 4 | F60: 0 | G60: Yes (Low Score) | H60: 8,500-13,499 | I60: Torrance (90248) | J60: $150,000+ | K60: No | L60: Yes | M60: No | N60: No | O60: =INDEX(CoverageTable[Deductible Applies],MATCH(Table18[[#This Row],[Coverage]],CoverageTable[Coverage],0)) -> No | P60: =INDEX(CoverageTable[Coverage Limit Applies],MATCH(Table18[[#This Row],[Coverage]],CoverageTable[Coverage],0)) -> Yes | Q60: No | R60: Yes (Low) | S60: No | T60: Yes | U60: No | V60: No | W60: No
A61: P0060 | B61: 46125 | C61: Collision | D61: 55-64 | E61: 1 | F61: 1 | G61: No | H61: 17,000+ | I61: Santa Ana (92702) | J61: $85,000-$149,999 | K61: Yes | L61: No | M61: No | N61: No | O61: =INDEX(CoverageTable[Deductible Applies],MATCH(Table18[[#This Row],[Coverage]],CoverageTable[Coverage],0)) -> Yes | P61: =INDEX(CoverageTable[Coverage Limit Applies],MATCH(Table18[[#This Row],[Coverage]],CoverageTable[Coverage],0)) -> No | Q61: Yes (Medium) | R61: No | S61: No | T61: No | U61: Yes | V61: No | W61: No
A62: P0061 | B62: 46107 | C62: Liability | D62: 55-64 | E62: 1 | F62: 4 | G62: No | H62: 17,000+ | I62: Long Beach (90712) | J62: $150,000+ | K62: No | L62: No | M62: Yes | N62: No | O62: =INDEX(CoverageTable[Deductible Applies],MATCH(Table18[[#This Row],[Coverage]],CoverageTable[Coverage],0)) -> No | P62: =INDEX(CoverageTable[Coverage Limit Applies],MATCH(Table18[[#This Row],[Coverage]],CoverageTable[Coverage],0)) -> Yes | Q62: No | R62: Yes (Low) | S62: Yes | T62: No | U62: No | V62: No | W62: No
A63: P0062 | B63: 46121 | C63: Collision | D63: 35-44 | E63: 2 | F63: 2 | G63: No | H63: 8,500-13,499 | I63: Torrance (90248) | J63: $150,000+ | K63: No | L63: Yes | M63: Yes | N63: Yes | O63: =INDEX(CoverageTable[Deductible Applies],MATCH(Table18[[#This Row],[Coverage]],CoverageTable[Coverage],0)) -> Yes | P63: =INDEX(CoverageTable[Coverage Limit Applies],MATCH(Table18[[#This Row],[Coverage]],CoverageTable[Coverage],0)) -> No | Q63: Yes (Low) | R63: No | S63: No | T63: Yes | U63: Yes | V63: No | W63: No
A64: P0063 | B64: 46081 | C64: Collision | D64: 25-34 | E64: 5 | F64: 4 | G64: Yes (High Score) | H64: 17,000+ | I64: Long Beach (90712) | J64: $25,000-$44,999 | K64: No | L64: No | M64: No | N64: No | O64: =INDEX(CoverageTable[Deductible Applies],MATCH(Table18[[#This Row],[Coverage]],CoverageTable[Coverage],0)) -> Yes | P64: =INDEX(CoverageTable[Coverage Limit Applies],MATCH(Table18[[#This Row],[Coverage]],CoverageTable[Coverage],0)) -> No | Q64: Yes (Medium) | R64: No | S64: No | T64: No | U64: No | V64: No | W64: No
A65: P0064 | B65: 46104 | C65: Uninsured Motorist | D65: 65+ | E65: 4 | F65: 0 | G65: Yes (Medium Score) | H65: 13,500-16,999 | I65: Lake Forrest (92609) | J65: $150,000+ | K65: No | L65: No | M65: No | N65: No | O65: =INDEX(CoverageTable[Deductible Applies],MATCH(Table18[[#This Row],[Coverage]],CoverageTable[Coverage],0)) -> No | P65: =INDEX(CoverageTable[Coverage Limit Applies],MATCH(Table18[[#This Row],[Coverage]],CoverageTable[Coverage],0)) -> Yes | Q65: No | R65: Yes (High) | S65: Yes | T65: Yes | U65: No | V65: No | W65: No
A66: P0065 | B66: 45833 | C66: Liability | D66: 65+ | E66: 7 | F66: 1 | G66: Yes (High Score) | H66: 5,000-8,499 | I66: Anaheim (92801) | J66: $0-$4,999 | K66: No | L66: No | M66: No | N66: Yes | O66: =INDEX(CoverageTable[Deductible Applies],MATCH(Table18[[#This Row],[Coverage]],CoverageTable[Coverage],0)) -> No | P66: =INDEX(CoverageTable[Coverage Limit Applies],MATCH(Table18[[#This Row],[Coverage]],CoverageTable[Coverage],0)) -> Yes | Q66: No | R66: Yes (High) | S66: No | T66: Yes | U66: No | V66: Yes | W66: No
A67: P0066 | B67: 45989 | C67: Liability | D67: 55-64 | E67: 1 | F67: 5+ | G67: No | H67: 0-4,999 | I67: DTLA (90012) | J67: $85,000-$149,999 | K67: No | L67: No | M67: No | N67: No | O67: =INDEX(CoverageTable[Deductible Applies],MATCH(Table18[[#This Row],[Coverage]],CoverageTable[Coverage],0)) -> No | P67: =INDEX(CoverageTable[Coverage Limit Applies],MATCH(Table18[[#This Row],[Coverage]],CoverageTable[Coverage],0)) -> Yes | Q67: No | R67: Yes (Low) | S67: No | T67: No | U67: No | V67: No | W67: No
A68: P0067 | B68: 45873 | C68: Liability | D68: 25-34 | E68: 1 | F68: 1 | G68: No | H68: 0-4,999 | I68: Westminster (92655) | J68: $25,000-$44,999 | K68: Yes | L68: No | M68: No | N68: Yes | O68: =INDEX(CoverageTable[Deductible Applies],MATCH(Table18[[#This Row],[Coverage]],CoverageTable[Coverage],0)) -> No | P68: =INDEX(CoverageTable[Coverage Limit Applies],MATCH(Table18[[#This Row],[Coverage]],CoverageTable[Coverage],0)) -> Yes | Q68: No | R68: Yes (Low) | S68: No | T68: No | U68: No | V68: Yes | W68: Yes
A69: P0068 | B69: 45905 | C69: Liability | D69: 35-44 | E69: 1 | F69: 0 | G69: Yes (High Score) | H69: 13,500-16,999 | I69: Culver City (90066) | J69: $15,000-$24,999 | K69: No | L69: No | M69: No | N69: No | O69: =INDEX(CoverageTable[Deductible Applies],MATCH(Table18[[#This Row],[Coverage]],CoverageTable[Coverage],0)) -> No | P69: =INDEX(CoverageTable[Coverage Limit Applies],MATCH(Table18[[#This Row],[Coverage]],CoverageTable[Coverage],0)) -> Yes | Q69: No | R69: Yes (Medium) | S69: No | T69: No | U69: No | V69: No | W69: No
A70: P0069 | B70: 45912 | C70: Liability | D70: 45-54 | E70: 4 | F70: 0 | G70: Yes (Medium Score) | H70: 8,500-13,499 | I70: Fullerton (92832) | J70: $15,000-$24,999 | K70: No | L70: Yes | M70: No | N70: No | O70: =INDEX(CoverageTable[Deductible Applies],MATCH(Table18[[#This Row],[Coverage]],CoverageTable[Coverage],0)) -> No | P70: =INDEX(CoverageTable[Coverage Limit Applies],MATCH(Table18[[#This Row],[Coverage]],CoverageTable[Coverage],0)) -> Yes | Q70: No | R70: Yes (High) | S70: Yes | T70: No | U70: Yes | V70: Yes | W70: No
A71: P0070 | B71: 45783 | C71: Collision | D71: 25-34 | E71: 8+ | F71: 1 | G71: Yes (High Score) | H71: 17,000+ | I71: Santa Monica (90401) | J71: $0-$4,999 | K71: No | L71: No | M71: No | N71: Yes | O71: =INDEX(CoverageTable[Deductible Applies],MATCH(Table18[[#This Row],[Coverage]],CoverageTable[Coverage],0)) -> Yes | P71: =INDEX(CoverageTable[Coverage Limit Applies],MATCH(Table18[[#This Row],[Coverage]],CoverageTable[Coverage],0)) -> No | Q71: Yes (Medium) | R71: No | S71: No | T71: No | U71: No | V71: No | W71: No
A72: P0071 | B72: 45859 | C72: Liability | D72: 16-24 | E72: 4 | F72: 3 | G72: Yes (High Score) | H72: 17,000+ | I72: Lake Forrest (92609) | J72: $45,000-$84,999 | K72: No | L72: No | M72: No | N72: No | O72: =INDEX(CoverageTable[Deductible Applies],MATCH(Table18[[#This Row],[Coverage]],CoverageTable[Coverage],0)) -> No | P72: =INDEX(CoverageTable[Coverage Limit Applies],MATCH(Table18[[#This Row],[Coverage]],CoverageTable[Coverage],0)) -> Yes | Q72: No | R72: Yes (High) | S72: No | T72: No | U72: Yes | V72: No | W72: No
A73: P0072 | B73: 46044 | C73: Liability | D73: 45-54 | E73: 2 | F73: 0 | G73: No | H73: 5,000-8,499 | I73: Fountain Valley (92708) | J73: $85,000-$149,999 | K73: No | L73: Yes | M73: No | N73: Yes | O73: =INDEX(CoverageTable[Deductible Applies],MATCH(Table18[[#This Row],[Coverage]],CoverageTable[Coverage],0)) -> No | P73: =INDEX(CoverageTable[Coverage Limit Applies],MATCH(Table18[[#This Row],[Coverage]],CoverageTable[Coverage],0)) -> Yes | Q73: No | R73: Yes (High) | S73: No | T73: No | U73: No | V73: No | W73: Yes
A74: P0073 | B74: 45985 | C74: Collision | D74: 65+ | E74: 4 | F74: 4 | G74: No | H74: 0-4,999 | I74: Long Beach (90712) | J74: $85,000-$149,999 | K74: Yes | L74: No | M74: No | N74: Yes | O74: =INDEX(CoverageTable[Deductible Applies],MATCH(Table18[[#This Row],[Coverage]],CoverageTable[Coverage],0)) -> Yes | P74: =INDEX(CoverageTable[Coverage Limit Applies],MATCH(Table18[[#This Row],[Coverage]],CoverageTable[Coverage],0)) -> No | Q74: Yes (Medium) | R74: No | S74: No | T74: Yes | U74: Yes | V74: No | W74: No
A75: P0074 | B75: 46002 | C75: Liability | D75: 55-64 | E75: 1 | F75: 3 | G75: No | H75: 17,000+ | I75: Irvine (92602) | J75: $0-$4,999 | K75: No | L75: No | M75: No | N75: Yes | O75: =INDEX(CoverageTable[Deductible Applies],MATCH(Table18[[#This Row],[Coverage]],CoverageTable[Coverage],0)) -> No | P75: =INDEX(CoverageTable[Coverage Limit Applies],MATCH(Table18[[#This Row],[Coverage]],CoverageTable[Coverage],0)) -> Yes | Q75: No | R75: Yes (Low) | S75: No | T75: No | U75: No | V75: No | W75: No
A76: P0075 | B76: 46089 | C76: Collision | D76: 45-54 | E76: 5 | F76: 4 | G76: No | H76: 5,000-8,499 | I76: Compton (90220) | J76: $45,000-$84,999 | K76: No | L76: Yes | M76: Yes | N76: Yes | O76: =INDEX(CoverageTable[Deductible Applies],MATCH(Table18[[#This Row],[Coverage]],CoverageTable[Coverage],0)) -> Yes | P76: =INDEX(CoverageTable[Coverage Limit Applies],MATCH(Table18[[#This Row],[Coverage]],CoverageTable[Coverage],0)) -> No | Q76: Yes (Low) | R76: No | S76: No | T76: No | U76: No | V76: No | W76: No
A77: P0076 | B77: 46110 | C77: Liability | D77: 65+ | E77: 5 | F77: 0 | G77: No | H77: 17,000+ | I77: Costa Mesa (92626) | J77: $0-$4,999 | K77: No | L77: Yes | M77: Yes | N77: No | O77: =INDEX(CoverageTable[Deductible Applies],MATCH(Table18[[#This Row],[Coverage]],CoverageTable[Coverage],0)) -> No | P77: =INDEX(CoverageTable[Coverage Limit Applies],MATCH(Table18[[#This Row],[Coverage]],CoverageTable[Coverage],0)) -> Yes | Q77: No | R77: Yes (High) | S77: Yes | T77: Yes | U77: No | V77: No | W77: No
A78: P0077 | B78: 46131 | C78: Rental Car Reinbursement | D78: 65+ | E78: 2 | F78: 4 | G78: Yes (High Score) | H78: 13,500-16,999 | I78: Huntington Beach (90742) | J78: $15,000-$24,999 | K78: No | L78: Yes | M78: No | N78: Yes | O78: =INDEX(CoverageTable[Deductible Applies],MATCH(Table18[[#This Row],[Coverage]],CoverageTable[Coverage],0)) -> No | P78: =INDEX(CoverageTable[Coverage Limit Applies],MATCH(Table18[[#This Row],[Coverage]],CoverageTable[Coverage],0)) -> Yes | Q78: No | R78: Yes (High) | S78: No | T78: No | U78: Yes | V78: No | W78: Yes
A79: P0078 | B79: 46118 | C79: Liability | D79: 65+ | E79: 1 | F79: 3 | G79: No | H79: 5,000-8,499 | I79: Huntington Beach (90742) | J79: $0-$4,999 | K79: No | L79: No | M79: No | N79: No | O79: =INDEX(CoverageTable[Deductible Applies],MATCH(Table18[[#This Row],[Coverage]],CoverageTable[Coverage],0)) -> No | P79: =INDEX(CoverageTable[Coverage Limit Applies],MATCH(Table18[[#This Row],[Coverage]],CoverageTable[Coverage],0)) -> Yes | Q79: No | R79: Yes (Medium) | S79: No | T79: No | U79: No | V79: No | W79: No
A80: P0079 | B80: 45895 | C80: Liability | D80: 16-24 | E80: 2 | F80: 1 | G80: Yes (Medium Score) | H80: 17,000+ | I80: Irvine (92602) | J80: $45,000-$84,999 | K80: No | L80: No | M80: No | N80: No | O80: =INDEX(CoverageTable[Deductible Applies],MATCH(Table18[[#This Row],[Coverage]],CoverageTable[Coverage],0)) -> No | P80: =INDEX(CoverageTable[Coverage Limit Applies],MATCH(Table18[[#This Row],[Coverage]],CoverageTable[Coverage],0)) -> Yes | Q80: No | R80: Yes (High) | S80: No | T80: No | U80: Yes | V80: No | W80: No
A81: P0080 | B81: 45994 | C81: Collision | D81: 45-54 | E81: 7 | F81: 0 | G81: No | H81: 0-4,999 | I81: Orange (92705) | J81: $15,000-$24,999 | K81: No | L81: No | M81: No | N81: No | O81: =INDEX(CoverageTable[Deductible Applies],MATCH(Table18[[#This Row],[Coverage]],CoverageTable[Coverage],0)) -> Yes | P81: =INDEX(CoverageTable[Coverage Limit Applies],MATCH(Table18[[#This Row],[Coverage]],CoverageTable[Coverage],0)) -> No | Q81: Yes (High) | R81: No | S81: No | T81: Yes | U81: No | V81: Yes | W81: No
A82: P0081 | B82: 46005 | C82: Collision | D82: 35-44 | E82: 8+ | F82: 4 | G82: Yes (Low Score) | H82: 17,000+ | I82: Orange (92705) | J82: $15,000-$24,999 | K82: No | L82: No | M82: No | N82: No | O82: =INDEX(CoverageTable[Deductible Applies],MATCH(Table18[[#This Row],[Coverage]],CoverageTable[Coverage],0)) -> Yes | P82: =INDEX(CoverageTable[Coverage Limit Applies],MATCH(Table18[[#This Row],[Coverage]],CoverageTable[Coverage],0)) -> No | Q82: Yes (High) | R82: No | S82: No | T82: Yes | U82: No | V82: No | W82: Yes
A83: P0082 | B83: 45992 | C83: Comprehensive | D83: 16-24 | E83: 2 | F83: 5+ | G83: No | H83: 0-4,999 | I83: Hawthorne (90250) | J83: $25,000-$44,999 | K83: No | L83: No | M83: Yes | N83: Yes | O83: =INDEX(CoverageTable[Deductible Applies],MATCH(Table18[[#This Row],[Coverage]],CoverageTable[Coverage],0)) -> Yes | P83: =INDEX(CoverageTable[Coverage Limit Applies],MATCH(Table18[[#This Row],[Coverage]],CoverageTable[Coverage],0)) -> No | Q83: Yes (High) | R83: No | S83: No | T83: Yes | U83: No | V83: No | W83: No
A84: P0083 | B84: 45803 | C84: Collision | D84: 16-24 | E84: 7 | F84: 0 | G84: Yes (High Score) | H84: 5,000-8,499 | I84: Anaheim (92801) | J84: $5,000-$14,999 | K84: Yes | L84: No | M84: Yes | N84: No | O84: =INDEX(CoverageTable[Deductible Applies],MATCH(Table18[[#This Row],[Coverage]],CoverageTable[Coverage],0)) -> Yes | P84: =INDEX(CoverageTable[Coverage Limit Applies],MATCH(Table18[[#This Row],[Coverage]],CoverageTable[Coverage],0)) -> No | Q84: Yes (Low) | R84: No | S84: No | T84: No | U84: No | V84: No | W84: No
A85: P0084 | B85: 46129 | C85: Collision | D85: 25-34 | E85: 8+ | F85: 1 | G85: Yes (High Score) | H85: 13,500-16,999 | I85: Huntington Beach (90742) | J85: $85,000-$149,999 | K85: No | L85: No | M85: No | N85: No | O85: =INDEX(CoverageTable[Deductible Applies],MATCH(Table18[[#This Row],[Coverage]],CoverageTable[Coverage],0)) -> Yes | P85: =INDEX(CoverageTable[Coverage Limit Applies],MATCH(Table18[[#This Row],[Coverage]],CoverageTable[Coverage],0)) -> No | Q85: Yes (High) | R85: No | S85: No | T85: Yes | U85: Yes | V85: No | W85: Yes
A86: P0085 | B86: 45916 | C86: Liability | D86: 35-44 | E86: 1 | F86: 5+ | G86: Yes (Medium Score) | H86: 13,500-16,999 | I86: DTLA (90012) | J86: $15,000-$24,999 | K86: No | L86: Yes | M86: No | N86: No | O86: =INDEX(CoverageTable[Deductible Applies],MATCH(Table18[[#This Row],[Coverage]],CoverageTable[Coverage],0)) -> No | P86: =INDEX(CoverageTable[Coverage Limit Applies],MATCH(Table18[[#This Row],[Coverage]],CoverageTable[Coverage],0)) -> Yes | Q86: No | R86: Yes (Low) | S86: Yes | T86: No | U86: No | V86: No | W86: No
A87: P0086 | B87: 45780 | C87: Collision | D87: 16-24 | E87: 7 | F87: 1 | G87: Yes (High Score) | H87: 0-4,999 | I87: Anaheim (92801) | J87: $0-$4,999 | K87: No | L87: No | M87: No | N87: No | O87: =INDEX(CoverageTable[Deductible Applies],MATCH(Table18[[#This Row],[Coverage]],CoverageTable[Coverage],0)) -> Yes | P87: =INDEX(CoverageTable[Coverage Limit Applies],MATCH(Table18[[#This Row],[Coverage]],CoverageTable[Coverage],0)) -> No | Q87: Yes (Low) | R87: No | S87: Yes | T87: No | U87: Yes | V87: No | W87: Yes
A88: P0087 | B88: 45854 | C88: Comprehensive | D88: 35-44 | E88: 2 | F88: 4 | G88: Yes (Medium Score) | H88: 17,000+ | I88: West Hollywood (90046) | J88: $5,000-$14,999 | K88: No | L88: No | M88: No | N88: Yes | O88: =INDEX(CoverageTable[Deductible Applies],MATCH(Table18[[#This Row],[Coverage]],CoverageTable[Coverage],0)) -> Yes | P88: =INDEX(CoverageTable[Coverage Limit Applies],MATCH(Table18[[#This Row],[Coverage]],CoverageTable[Coverage],0)) -> No | Q88: Yes (Medium) | R88: No | S88: No | T88: No | U88: No | V88: No | W88: No
A89: P0088 | B89: 45960 | C89: Collision | D89: 35-44 | E89: 7 | F89: 5+ | G89: No | H89: 17,000+ | I89: Cypress (90630) | J89: $0-$4,999 | K89: No | L89: No | M89: No | N89: Yes | O89: =INDEX(CoverageTable[Deductible Applies],MATCH(Table18[[#This Row],[Coverage]],CoverageTable[Coverage],0)) -> Yes | P89: =INDEX(CoverageTable[Coverage Limit Applies],MATCH(Table18[[#This Row],[Coverage]],CoverageTable[Coverage],0)) -> No | Q89: Yes (Low) | R89: No | S89: No | T89: No | U89: Yes | V89: No | W89: No
A90: P0089 | B90: 46035 | C90: Collision | D90: 16-24 | E90: 1 | F90: 1 | G90: No | H90: 17,000+ | I90: Anaheim (92801) | J90: $25,000-$44,999 | K90: No | L90: No | M90: No | N90: Yes | O90: =INDEX(CoverageTable[Deductible Applies],MATCH(Table18[[#This Row],[Coverage]],CoverageTable[Coverage],0)) -> Yes | P90: =INDEX(CoverageTable[Coverage Limit Applies],MATCH(Table18[[#This Row],[Coverage]],CoverageTable[Coverage],0)) -> No | Q90: Yes (Low) | R90: No | S90: No | T90: Yes | U90: No | V90: No | W90: No
A91: P0090 | B91: 45854 | C91: Liability | D91: 35-44 | E91: 8+ | F91: 0 | G91: Yes (Low Score) | H91: 8,500-13,499 | I91: Lake Forrest (92609) | J91: $0-$4,999 | K91: No | L91: No | M91: No | N91: No | O91: =INDEX(CoverageTable[Deductible Applies],MATCH(Table18[[#This Row],[Coverage]],CoverageTable[Coverage],0)) -> No | P91: =INDEX(CoverageTable[Coverage Limit Applies],MATCH(Table18[[#This Row],[Coverage]],CoverageTable[Coverage],0)) -> Yes | Q91: No | R91: Yes (Medium) | S91: No | T91: No | U91: No | V91: Yes | W91: No
A92: P0091 | B92: 45931 | C92: Collision | D92: 16-24 | E92: 2 | F92: 5+ | G92: No | H92: 8,500-13,499 | I92: Silverlake (90026 ) | J92: $150,000+ | K92: No | L92: Yes | M92: No | N92: Yes | O92: =INDEX(CoverageTable[Deductible Applies],MATCH(Table18[[#This Row],[Coverage]],CoverageTable[Coverage],0)) -> Yes | P92: =INDEX(CoverageTable[Coverage Limit Applies],MATCH(Table18[[#This Row],[Coverage]],CoverageTable[Coverage],0)) -> No | Q92: Yes (Low) | R92: No | S92: No | T92: No | U92: No | V92: No | W92: No
A93: P0092 | B93: 46020 | C93: Liability | D93: 35-44 | E93: 7 | F93: 5+ | G93: No | H93: 5,000-8,499 | I93: West Hollywood (90046) | J93: $0-$4,999 | K93: No | L93: No | M93: No | N93: No | O93: =INDEX(CoverageTable[Deductible Applies],MATCH(Table18[[#This Row],[Coverage]],CoverageTable[Coverage],0)) -> No | P93: =INDEX(CoverageTable[Coverage Limit Applies],MATCH(Table18[[#This Row],[Coverage]],CoverageTable[Coverage],0)) -> Yes | Q93: No | R93: Yes (Low) | S93: No | T93: No | U93: Yes | V93: No | W93: Yes
A94: P0093 | B94: 45872 | C94: Uninsured Motorist | D94: 45-54 | E94: 2 | F94: 0 | G94: No | H94: 8,500-13,499 | I94: Compton (90220) | J94: $45,000-$84,999 | K94: No | L94: No | M94: No | N94: No | O94: =INDEX(CoverageTable[Deductible Applies],MATCH(Table18[[#This Row],[Coverage]],CoverageTable[Coverage],0)) -> No | P94: =INDEX(CoverageTable[Coverage Limit Applies],MATCH(Table18[[#This Row],[Coverage]],CoverageTable[Coverage],0)) -> Yes | Q94: No | R94: Yes (Medium) | S94: No | T94: No | U94: No | V94: No | W94: No
A95: P0094 | B95: 46069 | C95: Uninsured Motorist | D95: 55-64 | E95: 8+ | F95: 1 | G95: Yes (Low Score) | H95: 17,000+ | I95: Compton (90220) | J95: $0-$4,999 | K95: No | L95: Yes | M95: No | N95: Yes | O95: =INDEX(CoverageTable[Deductible Applies],MATCH(Table18[[#This Row],[Coverage]],CoverageTable[Coverage],0)) -> No | P95: =INDEX(CoverageTable[Coverage Limit Applies],MATCH(Table18[[#This Row],[Coverage]],CoverageTable[Coverage],0)) -> Yes | Q95: No | R95: Yes (Medium) | S95: No | T95: Yes | U95: No | V95: No | W95: No
A96: P0095 | B96: 45823 | C96: Collision | D96: 35-44 | E96: 2 | F96: 3 | G96: No | H96: 17,000+ | I96: Hollywood (90028) | J96: $150,000+ | K96: No | L96: No | M96: No | N96: No | O96: =INDEX(CoverageTable[Deductible Applies],MATCH(Table18[[#This Row],[Coverage]],CoverageTable[Coverage],0)) -> Yes | P96: =INDEX(CoverageTable[Coverage Limit Applies],MATCH(Table18[[#This Row],[Coverage]],CoverageTable[Coverage],0)) -> No | Q96: Yes (Low) | R96: No | S96: No | T96: No | U96: No | V96: No | W96: No
A97: P0096 | B97: 45805 | C97: Rental Car Reinbursement | D97: 65+ | E97: 6 | F97: 0 | G97: No | H97: 8,500-13,499 | I97: Newport Beach (92603) | J97: $15,000-$24,999 | K97: No | L97: No | M97: No | N97: No | O97: =INDEX(CoverageTable[Deductible Applies],MATCH(Table18[[#This Row],[Coverage]],CoverageTable[Coverage],0)) -> No | P97: =INDEX(CoverageTable[Coverage Limit Applies],MATCH(Table18[[#This Row],[Coverage]],CoverageTable[Coverage],0)) -> Yes | Q97: No | R97: Yes (Medium) | S97: No | T97: Yes | U97: Yes | V97: Yes | W97: No
A98: P0097 | B98: 46049 | C98: Collision | D98: 25-34 | E98: 1 | F98: 0 | G98: No | H98: 8,500-13,499 | I98: Lake Forrest (92609) | J98: $25,000-$44,999 | K98: No | L98: No | M98: No | N98: Yes | O98: =INDEX(CoverageTable[Deductible Applies],MATCH(Table18[[#This Row],[Coverage]],CoverageTable[Coverage],0)) -> Yes | P98: =INDEX(CoverageTable[Coverage Limit Applies],MATCH(Table18[[#This Row],[Coverage]],CoverageTable[Coverage],0)) -> No | Q98: Yes (Medium) | R98: No | S98: No | T98: No | U98: Yes | V98: No | W98: No
A99: P0098 | B99: 46108 | C99: Rental Car Reinbursement | D99: 45-54 | E99: 8+ | F99: 4 | G99: Yes (Low Score) | H99: 8,500-13,499 | I99: Santa Ana (92702) | J99: $15,000-$24,999 | K99: No | L99: No | M99: No | N99: Yes | O99: =INDEX(CoverageTable[Deductible Applies],MATCH(Table18[[#This Row],[Coverage]],CoverageTable[Coverage],0)) -> No | P99: =INDEX(CoverageTable[Coverage Limit Applies],MATCH(Table18[[#This Row],[Coverage]],CoverageTable[Coverage],0)) -> Yes | Q99: No | R99: Yes (Medium) | S99: No | T99: Yes | U99: No | V99: No | W99: No
A100: P0099 | B100: 46005 | C100: Liability | D100: 16-24 | E100: 5 | F100: 0 | G100: Yes (Low Score) | H100: 8,500-13,499 | I100: Newport Beach (92603) | J100: $5,000-$14,999 | K100: No | L100: No | M100: No | N100: No | O100: =INDEX(CoverageTable[Deductible Applies],MATCH(Table18[[#This Row],[Coverage]],CoverageTable[Coverage],0)) -> No | P100: =INDEX(CoverageTable[Coverage Limit Applies],MATCH(Table18[[#This Row],[Coverage]],CoverageTable[Coverage],0)) -> Yes | Q100: No | R100: Yes (Medium) | S100: Yes | T100: Yes | U100: No | V100: No | W100: No
...

Sheet Premium Validation
A1: PolicyID | B1: Effective Date | C1: Coverage | D1: Ageband | E1: Years Driving | F1: At Fault Accidents | G1: Usage-Based Insurance | H1: Yearly Miles | I1: City/Zip Code | J1: Vehicle Price | K1: Exotic Car | L1: Difficult Parts | M1: High Theft Rate | N1: Advanced Safety Features | O1: Deductible Applies | P1: Coverage Limit Applies | Q1: Deductible | R1: Coverage Limit | S1: Good Student Discount | T1: Good Driver Discount | U1: Multi Policy Discount | V1: Loyal Customer Discount | W1: Organization Discount | X1: System-Generated Premium | Y1: Base Rate | Z1: Ageband Factor | AA1: Years Driving Factor | AB1: At Fault Accidents Factor | AC1: Usage Based Insurance Factor | AD1: Yearly Miles Factor | AE1: City/ Zip Code Factor | AF1: Vehicle Price Factor | AG1: Exotic Car Factor | AH1: Difficult Parts Factor | AI1: High Theft Rate Factor | AJ1: Advanced Safety Features Factor | AK1: Deductible Factor | AL1: Coverage Limit Factor | AM1: Good Student Factor | AN1: Good Driver Factor | AO1: Multi Policy Factor | AP1: Loyal Customer Factor | AQ1: Organization Factor | AR1: Rate Change Factor | AS1: Expected Premium | AT1: Difference | AU1: PASS/FAIL | AV1: Absolute Difference | AW1: Likely Issue
A2: P0001 | B2: 45908 | C2: Comprehensive | D2: 25-34 | E2: 1 | F2: 5+ | G2: Yes (Medium Score) | H2: 5,000-8,499 | I2: Costa Mesa (92626) | J2: $5,000-$14,999 | K2: No | L2: No | M2: No | N2: No | O2: =INDEX(CoverageTable[Deductible Applies],MATCH(Table1820[[#This Row],[Coverage]],CoverageTable[Coverage],0)) -> Yes | P2: =INDEX(CoverageTable[Coverage Limit Applies],MATCH(Table1820[[#This Row],[Coverage]],CoverageTable[Coverage],0)) -> No | Q2: Yes (Medium) | R2: No | S2: Yes | T2: No | U2: No | V2: No | W2: Yes | X2: 300.05622 | Y2: =_xlfn.XLOOKUP(Table1820[[#This Row],[Coverage]],CoverageTable[Coverage],CoverageTable[Base Rate],,0) -> 121 | Z2: =INDEX(Table16[Ageband Factor],MATCH(Table1820[[#This Row],[Ageband]],Table16[Ageband],0)) -> 1.23 | AA2: =VLOOKUP(Table1820[[#This Row],[Years Driving]],Table1[],2) -> 1.64 | AB2: =_xlfn.XLOOKUP(Table1820[[#This Row],[At Fault Accidents]],Table2[At Fault Accidents],Table2[At Fault Accident Factor],,0) -> 2.47 | AC2: =_xlfn.XLOOKUP(Table1820[[#This Row],[Usage-Based Insurance]],Table3[Usage-Based Insurance],Table3[Usage-Based Insurance Discount],,0) -> 0.8 | AD2: =_xlfn.XLOOKUP(Table1820[[#This Row],[Yearly Miles]],Table4[Yearly Miles],Table4[Yearly Miles Factor],,0) -> 0.93 | AE2: =_xlfn.XLOOKUP(Table1820[[#This Row],[City/Zip Code]],Table5[City/Zip Code],Table5[City/Zip Code Factor],,0) -> 0.92 | AF2: =_xlfn.XLOOKUP(Table1820[[#This Row],[Vehicle Price]],Table6[Vehicle Price],Table6[Vehicle Price Factor]) -> 0.97 | AG2: =_xlfn.XLOOKUP(Table1820[[#This Row],[Exotic Car]],Table7[Exotic Car],Table7[Exotic Car Factor],,0) -> 1 | AH2: =_xlfn.XLOOKUP(Table1820[[#This Row],[Difficult Parts]],Table8[Difficult Parts],Table8[Difficult Parts Factor],,0) -> 1 | AI2: =_xlfn.XLOOKUP(Table1820[[#This Row],[High Theft Rate]],Table9[High Theft Rate],Table9[High Theft Rate Factor],,0) -> 1 | AJ2: =_xlfn.XLOOKUP(Table1820[[#This Row],[Advanced Safety Features]],Table10[Advanced Safety Features],Table10[Advanced Safety Features Factor],,0) -> 1 | AK2: =_xlfn.XLOOKUP(Table1820[[#This Row],[Deductible]],Table12[Deductible],Table12[Deductible Factor],,0) -> 0.84 | AL2: =_xlfn.XLOOKUP(Table1820[[#This Row],[Coverage Limit]],Table13[Coverage Limit],Table13[Coverage Limit Factor],,0) -> 1 | AM2: =IF(Table1820[[#This Row],[Good Student Discount]]="Yes",'Rate Book'!$D$126,1) -> 0.92 | AN2: =IF(Table1820[[#This Row],[Good Driver Discount]]="Yes",'Rate Book'!$D$127,1) -> 1 | AO2: =IF(Table1820[[#This Row],[Multi Policy Discount]]="Yes",'Rate Book'!$D$128,1) -> 1 | AP2: =IF(Table1820[[#This Row],[Loyal Customer Discount]]="Yes",'Rate Book'!$D$129,1) -> 1 | AQ2: =IF(Table1820[[#This Row],[Organization Discount]]="Yes",'Rate Book'!$D$130,1) -> 0.97 | AR2: {=IF(Table1820[[#This Row],[Effective Date]]>=RateChangeTable[Effective Date],RateChangeTable[Rate Change Factor],1)} -> 1 | AS2: =PRODUCT(Table1820[[#This Row],[Base Rate]:[Rate Change Factor]]) -> 300.05622 | AT2: =Table1820[[#This Row],[System-Generated Premium]]-Table1820[[#This Row],[Expected Premium]] -> 0 | AU2: =IF(Table1820[[#This Row],[Difference]]=0,"PASS","FAIL") -> PASS | AV2: =ABS(Table1820[[#This Row],[Difference]]) -> 0 | AW2: No Issue
A3: P0002 | B3: 45889 | C3: Rental Car Reinbursement | D3: 16-24 | E3: 5 | F3: 4 | G3: No | H3: 8,500-13,499 | I3: West Hollywood (90046) | J3: $85,000-$149,999 | K3: No | L3: Yes | M3: No | N3: No | O3: =INDEX(CoverageTable[Deductible Applies],MATCH(Table1820[[#This Row],[Coverage]],CoverageTable[Coverage],0)) -> No | P3: =INDEX(CoverageTable[Coverage Limit Applies],MATCH(Table1820[[#This Row],[Coverage]],CoverageTable[Coverage],0)) -> Yes | Q3: No | R3: Yes (High) | S3: No | T3: No | U3: Yes | V3: No | W3: No | X3: 276.60397 | Y3: =_xlfn.XLOOKUP(Table1820[[#This Row],[Coverage]],CoverageTable[Coverage],CoverageTable[Base Rate],,0) -> 41 | Z3: =INDEX(Table16[Ageband Factor],MATCH(Table1820[[#This Row],[Ageband]],Table16[Ageband],0)) -> 1.32 | AA3: =VLOOKUP(Table1820[[#This Row],[Years Driving]],Table1[],2) -> 1.07 | AB3: =_xlfn.XLOOKUP(Table1820[[#This Row],[At Fault Accidents]],Table2[At Fault Accidents],Table2[At Fault Accident Factor],,0) -> 2.12 | AC3: =_xlfn.XLOOKUP(Table1820[[#This Row],[Usage-Based Insurance]],Table3[Usage-Based Insurance],Table3[Usage-Based Insurance Discount],,0) -> 1 | AD3: =_xlfn.XLOOKUP(Table1820[[#This Row],[Yearly Miles]],Table4[Yearly Miles],Table4[Yearly Miles Factor],,0) -> 1 | AE3: =_xlfn.XLOOKUP(Table1820[[#This Row],[City/Zip Code]],Table5[City/Zip Code],Table5[City/Zip Code Factor],,0) -> 1.18 | AF3: =_xlfn.XLOOKUP(Table1820[[#This Row],[Vehicle Price]],Table6[Vehicle Price],Table6[Vehicle Price Factor]) -> 2.02 | AG3: =_xlfn.XLOOKUP(Table1820[[#This Row],[Exotic Car]],Table7[Exotic Car],Table7[Exotic Car Factor],,0) -> 1 | AH3: =_xlfn.XLOOKUP(Table1820[[#This Row],[Difficult Parts]],Table8[Difficult Parts],Table8[Difficult Parts Factor],,0) -> 1.21 | AI3: =_xlfn.XLOOKUP(Table1820[[#This Row],[High Theft Rate]],Table9[High Theft Rate],Table9[High Theft Rate Factor],,0) -> 1 | AJ3: =_xlfn.XLOOKUP(Table1820[[#This Row],[Advanced Safety Features]],Table10[Advanced Safety Features],Table10[Advanced Safety Features Factor],,0) -> 1 | AK3: =_xlfn.XLOOKUP(Table1820[[#This Row],[Deductible]],Table12[Deductible],Table12[Deductible Factor],,0) -> 1 | AL3: =_xlfn.XLOOKUP(Table1820[[#This Row],[Coverage Limit]],Table13[Coverage Limit],Table13[Coverage Limit Factor],,0) -> 0.84 | AM3: =IF(Table1820[[#This Row],[Good Student Discount]]="Yes",'Rate Book'!$D$126,1) -> 1 | AN3: =IF(Table1820[[#This Row],[Good Driver Discount]]="Yes",'Rate Book'!$D$127,1) -> 1 | AO3: =IF(Table1820[[#This Row],[Multi Policy Discount]]="Yes",'Rate Book'!$D$128,1) -> 0.93 | AP3: =IF(Table1820[[#This Row],[Loyal Customer Discount]]="Yes",'Rate Book'!$D$129,1) -> 1 | AQ3: =IF(Table1820[[#This Row],[Organization Discount]]="Yes",'Rate Book'!$D$130,1) -> 1 | AR3: {=IF(Table1820[[#This Row],[Effective Date]]>=RateChangeTable[Effective Date],RateChangeTable[Rate Change Factor],1)} -> 1 | AS3: =PRODUCT(Table1820[[#This Row],[Base Rate]:[Rate Change Factor]]) -> 276.60397 | AT3: =Table1820[[#This Row],[System-Generated Premium]]-Table1820[[#This Row],[Expected Premium]] -> 0 | AU3: =IF(Table1820[[#This Row],[Difference]]=0,"PASS","FAIL") -> PASS | AV3: =ABS(Table1820[[#This Row],[Difference]]) -> 0 | AW3: No Issue
A4: P0003 | B4: 45946 | C4: Rental Car Reinbursement | D4: 55-64 | E4: 5 | F4: 5+ | G4: No | H4: 5,000-8,499 | I4: Anaheim (92801) | J4: $5,000-$14,999 | K4: No | L4: No | M4: No | N4: No | O4: =INDEX(CoverageTable[Deductible Applies],MATCH(Table1820[[#This Row],[Coverage]],CoverageTable[Coverage],0)) -> No | P4: =INDEX(CoverageTable[Coverage Limit Applies],MATCH(Table1820[[#This Row],[Coverage]],CoverageTable[Coverage],0)) -> Yes | Q4: No | R4: Yes (High) | S4: No | T4: No | U4: No | V4: No | W4: No | X4: 102.07974 | Y4: =_xlfn.XLOOKUP(Table1820[[#This Row],[Coverage]],CoverageTable[Coverage],CoverageTable[Base Rate],,0) -> 41 | Z4: =INDEX(Table16[Ageband Factor],MATCH(Table1820[[#This Row],[Ageband]],Table16[Ageband],0)) -> 1.12 | AA4: =VLOOKUP(Table1820[[#This Row],[Years Driving]],Table1[],2) -> 1.07 | AB4: =_xlfn.XLOOKUP(Table1820[[#This Row],[At Fault Accidents]],Table2[At Fault Accidents],Table2[At Fault Accident Factor],,0) -> 2.47 | AC4: =_xlfn.XLOOKUP(Table1820[[#This Row],[Usage-Based Insurance]],Table3[Usage-Based Insurance],Table3[Usage-Based Insurance Discount],,0) -> 1 | AD4: =_xlfn.XLOOKUP(Table1820[[#This Row],[Yearly Miles]],Table4[Yearly Miles],Table4[Yearly Miles Factor],,0) -> 0.93 | AE4: =_xlfn.XLOOKUP(Table1820[[#This Row],[City/Zip Code]],Table5[City/Zip Code],Table5[City/Zip Code Factor],,0) -> 1.11 | AF4: =_xlfn.XLOOKUP(Table1820[[#This Row],[Vehicle Price]],Table6[Vehicle Price],Table6[Vehicle Price Factor]) -> 0.97 | AG4: =_xlfn.XLOOKUP(Table1820[[#This Row],[Exotic Car]],Table7[Exotic Car],Table7[Exotic Car Factor],,0) -> 1 | AH4: =_xlfn.XLOOKUP(Table1820[[#This Row],[Difficult Parts]],Table8[Difficult Parts],Table8[Difficult Parts Factor],,0) -> 1 | AI4: =_xlfn.XLOOKUP(Table1820[[#This Row],[High Theft Rate]],Table9[High Theft Rate],Table9[High Theft Rate Factor],,0) -> 1 | AJ4: =_xlfn.XLOOKUP(Table1820[[#This Row],[Advanced Safety Features]],Table10[Advanced Safety Features],Table10[Advanced Safety Features Factor],,0) -> 1 | AK4: =_xlfn.XLOOKUP(Table1820[[#This Row],[Deductible]],Table12[Deductible],Table12[Deductible Factor],,0) -> 1 | AL4: =_xlfn.XLOOKUP(Table1820[[#This Row],[Coverage Limit]],Table13[Coverage Limit],Table13[Coverage Limit Factor],,0) -> 0.84 | AM4: =IF(Table1820[[#This Row],[Good Student Discount]]="Yes",'Rate Book'!$D$126,1) -> 1 | AN4: =IF(Table1820[[#This Row],[Good Driver Discount]]="Yes",'Rate Book'!$D$127,1) -> 1 | AO4: =IF(Table1820[[#This Row],[Multi Policy Discount]]="Yes",'Rate Book'!$D$128,1) -> 1 | AP4: =IF(Table1820[[#This Row],[Loyal Customer Discount]]="Yes",'Rate Book'!$D$129,1) -> 1 | AQ4: =IF(Table1820[[#This Row],[Organization Discount]]="Yes",'Rate Book'!$D$130,1) -> 1 | AR4: {=IF(Table1820[[#This Row],[Effective Date]]>=RateChangeTable[Effective Date],RateChangeTable[Rate Change Factor],1)} -> 1 | AS4: =PRODUCT(Table1820[[#This Row],[Base Rate]:[Rate Change Factor]]) -> 102.07974 | AT4: =Table1820[[#This Row],[System-Generated Premium]]-Table1820[[#This Row],[Expected Premium]] -> 0 | AU4: =IF(Table1820[[#This Row],[Difference]]=0,"PASS","FAIL") -> PASS | AV4: =ABS(Table1820[[#This Row],[Difference]]) -> 0 | AW4: No Issue
A5: P0004 | B5: 46106 | C5: Comprehensive | D5: 65+ | E5: 8+ | F5: 2 | G5: Yes (Medium Score) | H5: 17,000+ | I5: Westminster (92655) | J5: $0-$4,999 | K5: No | L5: No | M5: No | N5: Yes | O5: =INDEX(CoverageTable[Deductible Applies],MATCH(Table1820[[#This Row],[Coverage]],CoverageTable[Coverage],0)) -> Yes | P5: =INDEX(CoverageTable[Coverage Limit Applies],MATCH(Table1820[[#This Row],[Coverage]],CoverageTable[Coverage],0)) -> No | Q5: Yes (Low) | R5: No | S5: No | T5: Yes | U5: Yes | V5: No | W5: No | X5: 143.58 | Y5: =_xlfn.XLOOKUP(Table1820[[#This Row],[Coverage]],CoverageTable[Coverage],CoverageTable[Base Rate],,0) -> 121 | Z5: =INDEX(Table16[Ageband Factor],MATCH(Table1820[[#This Row],[Ageband]],Table16[Ageband],0)) -> 1.27 | AA5: =VLOOKUP(Table1820[[#This Row],[Years Driving]],Table1[],2) -> 0.93 | AB5: =_xlfn.XLOOKUP(Table1820[[#This Row],[At Fault Accidents]],Table2[At Fault Accidents],Table2[At Fault Accident Factor],,0) -> 1.55 | AC5: =_xlfn.XLOOKUP(Table1820[[#This Row],[Usage-Based Insurance]],Table3[Usage-Based Insurance],Table3[Usage-Based Insurance Discount],,0) -> 0.8 | AD5: =_xlfn.XLOOKUP(Table1820[[#This Row],[Yearly Miles]],Table4[Yearly Miles],Table4[Yearly Miles Factor],,0) -> 1.31 | AE5: =_xlfn.XLOOKUP(Table1820[[#This Row],[City/Zip Code]],Table5[City/Zip Code],Table5[City/Zip Code Factor],,0) -> 1.09 | AF5: =_xlfn.XLOOKUP(Table1820[[#This Row],[Vehicle Price]],Table6[Vehicle Price],Table6[Vehicle Price Factor]) -> 0.82 | AG5: =_xlfn.XLOOKUP(Table1820[[#This Row],[Exotic Car]],Table7[Exotic Car],Table7[Exotic Car Factor],,0) -> 1 | AH5: =_xlfn.XLOOKUP(Table1820[[#This Row],[Difficult Parts]],Table8[Difficult Parts],Table8[Difficult Parts Factor],,0) -> 1 | AI5: =_xlfn.XLOOKUP(Table1820[[#This Row],[High Theft Rate]],Table9[High Theft Rate],Table9[High Theft Rate Factor],,0) -> 1 | AJ5: =_xlfn.XLOOKUP(Table1820[[#This Row],[Advanced Safety Features]],Table10[Advanced Safety Features],Table10[Advanced Safety Features Factor],,0) -> 0.88 | AK5: =_xlfn.XLOOKUP(Table1820[[#This Row],[Deductible]],Table12[Deductible],Table12[Deductible Factor],,0) -> 0.95 | AL5: =_xlfn.XLOOKUP(Table1820[[#This Row],[Coverage Limit]],Table13[Coverage Limit],Table13[Coverage Limit Factor],,0) -> 1 | AM5: =IF(Table1820[[#This Row],[Good Student Discount]]="Yes",'Rate Book'!$D$126,1) -> 1 | AN5: =IF(Table1820[[#This Row],[Good Driver Discount]]="Yes",'Rate Book'!$D$127,1) -> 0.89 | AO5: =IF(Table1820[[#This Row],[Multi Policy Discount]]="Yes",'Rate Book'!$D$128,1) -> 0.93 | AP5: =IF(Table1820[[#This Row],[Loyal Customer Discount]]="Yes",'Rate Book'!$D$129,1) -> 1 | AQ5: =IF(Table1820[[#This Row],[Organization Discount]]="Yes",'Rate Book'!$D$130,1) -> 1 | AR5: {=IF(Table1820[[#This Row],[Effective Date]]>=RateChangeTable[Effective Date],RateChangeTable[Rate Change Factor],1)} -> 1.06 | AS5: =PRODUCT(Table1820[[#This Row],[Base Rate]:[Rate Change Factor]]) -> 152.19153 | AT5: =Table1820[[#This Row],[System-Generated Premium]]-Table1820[[#This Row],[Expected Premium]] -> -8.611525 | AU5: =IF(Table1820[[#This Row],[Difference]]=0,"PASS","FAIL") -> FAIL | AV5: =ABS(Table1820[[#This Row],[Difference]]) -> 8.611525 | AW5: Rate Change Factor not applied
A6: P0005 | B6: 46023 | C6: Collision | D6: 55-64 | E6: 7 | F6: 3 | G6: Yes (Medium Score) | H6: 13,500-16,999 | I6: Culver City (90066) | J6: $25,000-$44,999 | K6: No | L6: No | M6: No | N6: Yes | O6: =INDEX(CoverageTable[Deductible Applies],MATCH(Table1820[[#This Row],[Coverage]],CoverageTable[Coverage],0)) -> Yes | P6: =INDEX(CoverageTable[Coverage Limit Applies],MATCH(Table1820[[#This Row],[Coverage]],CoverageTable[Coverage],0)) -> No | Q6: Yes (Low) | R6: No | S6: No | T6: No | U6: Yes | V6: No | W6: No | X6: 1004.5837 | Y6: =_xlfn.XLOOKUP(Table1820[[#This Row],[Coverage]],CoverageTable[Coverage],CoverageTable[Base Rate],,0) -> 453 | Z6: =INDEX(Table16[Ageband Factor],MATCH(Table1820[[#This Row],[Ageband]],Table16[Ageband],0)) -> 1.12 | AA6: =VLOOKUP(Table1820[[#This Row],[Years Driving]],Table1[],2) -> 0.95 | AB6: =_xlfn.XLOOKUP(Table1820[[#This Row],[At Fault Accidents]],Table2[At Fault Accidents],Table2[At Fault Accident Factor],,0) -> 1.82 | AC6: =_xlfn.XLOOKUP(Table1820[[#This Row],[Usage-Based Insurance]],Table3[Usage-Based Insurance],Table3[Usage-Based Insurance Discount],,0) -> 0.8 | AD6: =_xlfn.XLOOKUP(Table1820[[#This Row],[Yearly Miles]],Table4[Yearly Miles],Table4[Yearly Miles Factor],,0) -> 1.18 | AE6: =_xlfn.XLOOKUP(Table1820[[#This Row],[City/Zip Code]],Table5[City/Zip Code],Table5[City/Zip Code Factor],,0) -> 1.15 | AF6: =_xlfn.XLOOKUP(Table1820[[#This Row],[Vehicle Price]],Table6[Vehicle Price],Table6[Vehicle Price Factor]) -> 1.28 | AG6: =_xlfn.XLOOKUP(Table1820[[#This Row],[Exotic Car]],Table7[Exotic Car],Table7[Exotic Car Factor],,0) -> 1 | AH6: =_xlfn.XLOOKUP(Table1820[[#This Row],[Difficult Parts]],Table8[Difficult Parts],Table8[Difficult Parts Factor],,0) -> 1 | AI6: =_xlfn.XLOOKUP(Table1820[[#This Row],[High Theft Rate]],Table9[High Theft Rate],Table9[High Theft Rate Factor],,0) -> 1 | AJ6: =_xlfn.XLOOKUP(Table1820[[#This Row],[Advanced Safety Features]],Table10[Advanced Safety Features],Table10[Advanced Safety Features Factor],,0) -> 0.88 | AK6: =_xlfn.XLOOKUP(Table1820[[#This Row],[Deductible]],Table12[Deductible],Table12[Deductible Factor],,0) -> 0.95 | AL6: =_xlfn.XLOOKUP(Table1820[[#This Row],[Coverage Limit]],Table13[Coverage Limit],Table13[Coverage Limit Factor],,0) -> 1 | AM6: =IF(Table1820[[#This Row],[Good Student Discount]]="Yes",'Rate Book'!$D$126,1) -> 1 | AN6: =IF(Table1820[[#This Row],[Good Driver Discount]]="Yes",'Rate Book'!$D$127,1) -> 1 | AO6: =IF(Table1820[[#This Row],[Multi Policy Discount]]="Yes",'Rate Book'!$D$128,1) -> 0.93 | AP6: =IF(Table1820[[#This Row],[Loyal Customer Discount]]="Yes",'Rate Book'!$D$129,1) -> 1 | AQ6: =IF(Table1820[[#This Row],[Organization Discount]]="Yes",'Rate Book'!$D$130,1) -> 1 | AR6: {=IF(Table1820[[#This Row],[Effective Date]]>=RateChangeTable[Effective Date],RateChangeTable[Rate Change Factor],1)} -> 1.06 | AS6: =PRODUCT(Table1820[[#This Row],[Base Rate]:[Rate Change Factor]]) -> 1004.5837 | AT6: =Table1820[[#This Row],[System-Generated Premium]]-Table1820[[#This Row],[Expected Premium]] -> 0 | AU6: =IF(Table1820[[#This Row],[Difference]]=0,"PASS","FAIL") -> PASS | AV6: =ABS(Table1820[[#This Row],[Difference]]) -> 0 | AW6: No Issue
A7: P0006 | B7: 45924 | C7: Collision | D7: 25-34 | E7: 8+ | F7: 4 | G7: No | H7: 17,000+ | I7: Westminster (92655) | J7: $5,000-$14,999 | K7: No | L7: No | M7: No | N7: No | O7: =INDEX(CoverageTable[Deductible Applies],MATCH(Table1820[[#This Row],[Coverage]],CoverageTable[Coverage],0)) -> Yes | P7: =INDEX(CoverageTable[Coverage Limit Applies],MATCH(Table1820[[#This Row],[Coverage]],CoverageTable[Coverage],0)) -> No | Q7: Yes (High) | R7: No | S7: No | T7: No | U7: No | V7: No | W7: No | X7: 1095.5297 | Y7: =_xlfn.XLOOKUP(Table1820[[#This Row],[Coverage]],CoverageTable[Coverage],CoverageTable[Base Rate],,0) -> 453 | Z7: =INDEX(Table16[Ageband Factor],MATCH(Table1820[[#This Row],[Ageband]],Table16[Ageband],0)) -> 1.23 | AA7: =VLOOKUP(Table1820[[#This Row],[Years Driving]],Table1[],2) -> 0.93 | AB7: =_xlfn.XLOOKUP(Table1820[[#This Row],[At Fault Accidents]],Table2[At Fault Accidents],Table2[At Fault Accident Factor],,0) -> 2.12 | AC7: =_xlfn.XLOOKUP(Table1820[[#This Row],[Usage-Based Insurance]],Table3[Usage-Based Insurance],Table3[Usage-Based Insurance Discount],,0) -> 1 | AD7: =_xlfn.XLOOKUP(Table1820[[#This Row],[Yearly Miles]],Table4[Yearly Miles],Table4[Yearly Miles Factor],,0) -> 1.31 | AE7: =_xlfn.XLOOKUP(Table1820[[#This Row],[City/Zip Code]],Table5[City/Zip Code],Table5[City/Zip Code Factor],,0) -> 1.09 | AF7: =_xlfn.XLOOKUP(Table1820[[#This Row],[Vehicle Price]],Table6[Vehicle Price],Table6[Vehicle Price Factor]) -> 0.97 | AG7: =_xlfn.XLOOKUP(Table1820[[#This Row],[Exotic Car]],Table7[Exotic Car],Table7[Exotic Car Factor],,0) -> 1 | AH7: =_xlfn.XLOOKUP(Table1820[[#This Row],[Difficult Parts]],Table8[Difficult Parts],Table8[Difficult Parts Factor],,0) -> 1 | AI7: =_xlfn.XLOOKUP(Table1820[[#This Row],[High Theft Rate]],Table9[High Theft Rate],Table9[High Theft Rate Factor],,0) -> 1 | AJ7: =_xlfn.XLOOKUP(Table1820[[#This Row],[Advanced Safety Features]],Table10[Advanced Safety Features],Table10[Advanced Safety Features Factor],,0) -> 1 | AK7: =_xlfn.XLOOKUP(Table1820[[#This Row],[Deductible]],Table12[Deductible],Table12[Deductible Factor],,0) -> 0.72 | AL7: =_xlfn.XLOOKUP(Table1820[[#This Row],[Coverage Limit]],Table13[Coverage Limit],Table13[Coverage Limit Factor],,0) -> 1 | AM7: =IF(Table1820[[#This Row],[Good Student Discount]]="Yes",'Rate Book'!$D$126,1) -> 1 | AN7: =IF(Table1820[[#This Row],[Good Driver Discount]]="Yes",'Rate Book'!$D$127,1) -> 1 | AO7: =IF(Table1820[[#This Row],[Multi Policy Discount]]="Yes",'Rate Book'!$D$128,1) -> 1 | AP7: =IF(Table1820[[#This Row],[Loyal Customer Discount]]="Yes",'Rate Book'!$D$129,1) -> 1 | AQ7: =IF(Table1820[[#This Row],[Organization Discount]]="Yes",'Rate Book'!$D$130,1) -> 1 | AR7: {=IF(Table1820[[#This Row],[Effective Date]]>=RateChangeTable[Effective Date],RateChangeTable[Rate Change Factor],1)} -> 1 | AS7: =PRODUCT(Table1820[[#This Row],[Base Rate]:[Rate Change Factor]]) -> 1095.5297 | AT7: =Table1820[[#This Row],[System-Generated Premium]]-Table1820[[#This Row],[Expected Premium]] -> 0 | AU7: =IF(Table1820[[#This Row],[Difference]]=0,"PASS","FAIL") -> PASS | AV7: =ABS(Table1820[[#This Row],[Difference]]) -> 0 | AW7: No Issue
A8: P0007 | B8: 46120 | C8: Rental Car Reinbursement | D8: 35-44 | E8: 5 | F8: 3 | G8: No | H8: 0-4,999 | I8: Silverlake (90026 ) | J8: $85,000-$149,999 | K8: No | L8: No | M8: No | N8: No | O8: =INDEX(CoverageTable[Deductible Applies],MATCH(Table1820[[#This Row],[Coverage]],CoverageTable[Coverage],0)) -> No | P8: =INDEX(CoverageTable[Coverage Limit Applies],MATCH(Table1820[[#This Row],[Coverage]],CoverageTable[Coverage],0)) -> Yes | Q8: No | R8: Yes (Low) | S8: No | T8: No | U8: No | V8: No | W8: No | X8: 99.196862 | Y8: =_xlfn.XLOOKUP(Table1820[[#This Row],[Coverage]],CoverageTable[Coverage],CoverageTable[Base Rate],,0) -> 41 | Z8: =INDEX(Table16[Ageband Factor],MATCH(Table1820[[#This Row],[Ageband]],Table16[Ageband],0)) -> 1 | AA8: =VLOOKUP(Table1820[[#This Row],[Years Driving]],Table1[],2) -> 1.07 | AB8: =_xlfn.XLOOKUP(Table1820[[#This Row],[At Fault Accidents]],Table2[At Fault Accidents],Table2[At Fault Accident Factor],,0) -> 1.82 | AC8: =_xlfn.XLOOKUP(Table1820[[#This Row],[Usage-Based Insurance]],Table3[Usage-Based Insurance],Table3[Usage-Based Insurance Discount],,0) -> 1 | AD8: =_xlfn.XLOOKUP(Table1820[[#This Row],[Yearly Miles]],Table4[Yearly Miles],Table4[Yearly Miles Factor],,0) -> 0.82 | AE8: =_xlfn.XLOOKUP(Table1820[[#This Row],[City/Zip Code]],Table5[City/Zip Code],Table5[City/Zip Code Factor],,0) -> 1.16 | AF8: =_xlfn.XLOOKUP(Table1820[[#This Row],[Vehicle Price]],Table6[Vehicle Price],Table6[Vehicle Price Factor]) -> 2.02 | AG8: =_xlfn.XLOOKUP(Table1820[[#This Row],[Exotic Car]],Table7[Exotic Car],Table7[Exotic Car Factor],,0) -> 1 | AH8: =_xlfn.XLOOKUP(Table1820[[#This Row],[Difficult Parts]],Table8[Difficult Parts],Table8[Difficult Parts Factor],,0) -> 1 | AI8: =_xlfn.XLOOKUP(Table1820[[#This Row],[High Theft Rate]],Table9[High Theft Rate],Table9[High Theft Rate Factor],,0) -> 1 | AJ8: =_xlfn.XLOOKUP(Table1820[[#This Row],[Advanced Safety Features]],Table10[Advanced Safety Features],Table10[Advanced Safety Features Factor],,0) -> 1 | AK8: =_xlfn.XLOOKUP(Table1820[[#This Row],[Deductible]],Table12[Deductible],Table12[Deductible Factor],,0) -> 1 | AL8: =_xlfn.XLOOKUP(Table1820[[#This Row],[Coverage Limit]],Table13[Coverage Limit],Table13[Coverage Limit Factor],,0) -> 0.61 | AM8: =IF(Table1820[[#This Row],[Good Student Discount]]="Yes",'Rate Book'!$D$126,1) -> 1 | AN8: =IF(Table1820[[#This Row],[Good Driver Discount]]="Yes",'Rate Book'!$D$127,1) -> 1 | AO8: =IF(Table1820[[#This Row],[Multi Policy Discount]]="Yes",'Rate Book'!$D$128,1) -> 1 | AP8: =IF(Table1820[[#This Row],[Loyal Customer Discount]]="Yes",'Rate Book'!$D$129,1) -> 1 | AQ8: =IF(Table1820[[#This Row],[Organization Discount]]="Yes",'Rate Book'!$D$130,1) -> 1 | AR8: {=IF(Table1820[[#This Row],[Effective Date]]>=RateChangeTable[Effective Date],RateChangeTable[Rate Change Factor],1)} -> 1.06 | AS8: =PRODUCT(Table1820[[#This Row],[Base Rate]:[Rate Change Factor]]) -> 99.196862 | AT8: =Table1820[[#This Row],[System-Generated Premium]]-Table1820[[#This Row],[Expected Premium]] -> 0 | AU8: =IF(Table1820[[#This Row],[Difference]]=0,"PASS","FAIL") -> PASS | AV8: =ABS(Table1820[[#This Row],[Difference]]) -> 0 | AW8: No Issue
A9: P0008 | B9: 46143 | C9: Liability | D9: 25-34 | E9: 7 | F9: 2 | G9: Yes (Medium Score) | H9: 8,500-13,499 | I9: Compton (90220) | J9: $45,000-$84,999 | K9: No | L9: No | M9: No | N9: Yes | O9: =INDEX(CoverageTable[Deductible Applies],MATCH(Table1820[[#This Row],[Coverage]],CoverageTable[Coverage],0)) -> No | P9: =INDEX(CoverageTable[Coverage Limit Applies],MATCH(Table1820[[#This Row],[Coverage]],CoverageTable[Coverage],0)) -> Yes | Q9: No | R9: Yes (Medium) | S9: Yes | T9: No | U9: No | V9: No | W9: No | X9: 1363.8729 | Y9: =_xlfn.XLOOKUP(Table1820[[#This Row],[Coverage]],CoverageTable[Coverage],CoverageTable[Base Rate],,0) -> 622 | Z9: =INDEX(Table16[Ageband Factor],MATCH(Table1820[[#This Row],[Ageband]],Table16[Ageband],0)) -> 1.23 | AA9: =VLOOKUP(Table1820[[#This Row],[Years Driving]],Table1[],2) -> 0.95 | AB9: =_xlfn.XLOOKUP(Table1820[[#This Row],[At Fault Accidents]],Table2[At Fault Accidents],Table2[At Fault Accident Factor],,0) -> 1.55 | AC9: =_xlfn.XLOOKUP(Table1820[[#This Row],[Usage-Based Insurance]],Table3[Usage-Based Insurance],Table3[Usage-Based Insurance Discount],,0) -> 0.8 | AD9: =_xlfn.XLOOKUP(Table1820[[#This Row],[Yearly Miles]],Table4[Yearly Miles],Table4[Yearly Miles Factor],,0) -> 1 | AE9: =_xlfn.XLOOKUP(Table1820[[#This Row],[City/Zip Code]],Table5[City/Zip Code],Table5[City/Zip Code Factor],,0) -> 1.56 | AF9: =_xlfn.XLOOKUP(Table1820[[#This Row],[Vehicle Price]],Table6[Vehicle Price],Table6[Vehicle Price Factor]) -> 1.57 | AG9: =_xlfn.XLOOKUP(Table1820[[#This Row],[Exotic Car]],Table7[Exotic Car],Table7[Exotic Car Factor],,0) -> 1 | AH9: =_xlfn.XLOOKUP(Table1820[[#This Row],[Difficult Parts]],Table8[Difficult Parts],Table8[Difficult Parts Factor],,0) -> 1 | AI9: =_xlfn.XLOOKUP(Table1820[[#This Row],[High Theft Rate]],Table9[High Theft Rate],Table9[High Theft Rate Factor],,0) -> 1 | AJ9: =_xlfn.XLOOKUP(Table1820[[#This Row],[Advanced Safety Features]],Table10[Advanced Safety Features],Table10[Advanced Safety Features Factor],,0) -> 0.88 | AK9: =_xlfn.XLOOKUP(Table1820[[#This Row],[Deductible]],Table12[Deductible],Table12[Deductible Factor],,0) -> 1 | AL9: =_xlfn.XLOOKUP(Table1820[[#This Row],[Coverage Limit]],Table13[Coverage Limit],Table13[Coverage Limit Factor],,0) -> 0.72 | AM9: =IF(Table1820[[#This Row],[Good Student Discount]]="Yes",'Rate Book'!$D$126,1) -> 0.92 | AN9: =IF(Table1820[[#This Row],[Good Driver Discount]]="Yes",'Rate Book'!$D$127,1) -> 1 | AO9: =IF(Table1820[[#This Row],[Multi Policy Discount]]="Yes",'Rate Book'!$D$128,1) -> 1 | AP9: =IF(Table1820[[#This Row],[Loyal Customer Discount]]="Yes",'Rate Book'!$D$129,1) -> 1 | AQ9: =IF(Table1820[[#This Row],[Organization Discount]]="Yes",'Rate Book'!$D$130,1) -> 1 | AR9: {=IF(Table1820[[#This Row],[Effective Date]]>=RateChangeTable[Effective Date],RateChangeTable[Rate Change Factor],1)} -> 1.06 | AS9: =PRODUCT(Table1820[[#This Row],[Base Rate]:[Rate Change Factor]]) -> 1363.8729 | AT9: =Table1820[[#This Row],[System-Generated Premium]]-Table1820[[#This Row],[Expected Premium]] -> 0 | AU9: =IF(Table1820[[#This Row],[Difference]]=0,"PASS","FAIL") -> PASS | AV9: =ABS(Table1820[[#This Row],[Difference]]) -> 0 | AW9: No Issue
A10: P0009 | B10: 46072 | C10: Liability | D10: 35-44 | E10: 6 | F10: 3 | G10: Yes (High Score) | H10: 17,000+ | I10: Newport Beach (92603) | J10: $85,000-$149,999 | K10: No | L10: No | M10: No | N10: No | O10: =INDEX(CoverageTable[Deductible Applies],MATCH(Table1820[[#This Row],[Coverage]],CoverageTable[Coverage],0)) -> No | P10: =INDEX(CoverageTable[Coverage Limit Applies],MATCH(Table1820[[#This Row],[Coverage]],CoverageTable[Coverage],0)) -> Yes | Q10: No | R10: Yes (Medium) | S10: Yes | T10: Yes | U10: Yes | V10: No | W10: Yes | X10: 1031.8024 | Y10: =_xlfn.XLOOKUP(Table1820[[#This Row],[Coverage]],CoverageTable[Coverage],CoverageTable[Base Rate],,0) -> 622 | Z10: =INDEX(Table16[Ageband Factor],MATCH(Table1820[[#This Row],[Ageband]],Table16[Ageband],0)) -> 1 | AA10: =VLOOKUP(Table1820[[#This Row],[Years Driving]],Table1[],2) -> 1 | AB10: =_xlfn.XLOOKUP(Table1820[[#This Row],[At Fault Accidents]],Table2[At Fault Accidents],Table2[At Fault Accident Factor],,0) -> 1.82 | AC10: =_xlfn.XLOOKUP(Table1820[[#This Row],[Usage-Based Insurance]],Table3[Usage-Based Insurance],Table3[Usage-Based Insurance Discount],,0) -> 0.65 | AD10: =_xlfn.XLOOKUP(Table1820[[#This Row],[Yearly Miles]],Table4[Yearly Miles],Table4[Yearly Miles Factor],,0) -> 1.31 | AE10: =_xlfn.XLOOKUP(Table1820[[#This Row],[City/Zip Code]],Table5[City/Zip Code],Table5[City/Zip Code Factor],,0) -> 0.94 | AF10: =_xlfn.XLOOKUP(Table1820[[#This Row],[Vehicle Price]],Table6[Vehicle Price],Table6[Vehicle Price Factor]) -> 2.02 | AG10: =_xlfn.XLOOKUP(Table1820[[#This Row],[Exotic Car]],Table7[Exotic Car],Table7[Exotic Car Factor],,0) -> 1 | AH10: =_xlfn.XLOOKUP(Table1820[[#This Row],[Difficult Parts]],Table8[Difficult Parts],Table8[Difficult Parts Factor],,0) -> 1 | AI10: =_xlfn.XLOOKUP(Table1820[[#This Row],[High Theft Rate]],Table9[High Theft Rate],Table9[High Theft Rate Factor],,0) -> 1 | AJ10: =_xlfn.XLOOKUP(Table1820[[#This Row],[Advanced Safety Features]],Table10[Advanced Safety Features],Table10[Advanced Safety Features Factor],,0) -> 1 | AK10: =_xlfn.XLOOKUP(Table1820[[#This Row],[Deductible]],Table12[Deductible],Table12[Deductible Factor],,0) -> 1 | AL10: =_xlfn.XLOOKUP(Table1820[[#This Row],[Coverage Limit]],Table13[Coverage Limit],Table13[Coverage Limit Factor],,0) -> 0.72 | AM10: =IF(Table1820[[#This Row],[Good Student Discount]]="Yes",'Rate Book'!$D$126,1) -> 0.92 | AN10: =IF(Table1820[[#This Row],[Good Driver Discount]]="Yes",'Rate Book'!$D$127,1) -> 0.89 | AO10: =IF(Table1820[[#This Row],[Multi Policy Discount]]="Yes",'Rate Book'!$D$128,1) -> 0.93 | AP10: =IF(Table1820[[#This Row],[Loyal Customer Discount]]="Yes",'Rate Book'!$D$129,1) -> 1 | AQ10: =IF(Table1820[[#This Row],[Organization Discount]]="Yes",'Rate Book'!$D$130,1) -> 0.97 | AR10: {=IF(Table1820[[#This Row],[Effective Date]]>=RateChangeTable[Effective Date],RateChangeTable[Rate Change Factor],1)} -> 1.06 | AS10: =PRODUCT(Table1820[[#This Row],[Base Rate]:[Rate Change Factor]]) -> 1031.8024 | AT10: =Table1820[[#This Row],[System-Generated Premium]]-Table1820[[#This Row],[Expected Premium]] -> 0 | AU10: =IF(Table1820[[#This Row],[Difference]]=0,"PASS","FAIL") -> PASS | AV10: =ABS(Table1820[[#This Row],[Difference]]) -> 0 | AW10: No Issue
A11: P0010 | B11: 45997 | C11: Liability | D11: 25-34 | E11: 8+ | F11: 2 | G11: No | H11: 5,000-8,499 | I11: Huntington Beach (90742) | J11: $15,000-$24,999 | K11: No | L11: No | M11: No | N11: No | O11: =INDEX(CoverageTable[Deductible Applies],MATCH(Table1820[[#This Row],[Coverage]],CoverageTable[Coverage],0)) -> No | P11: =INDEX(CoverageTable[Coverage Limit Applies],MATCH(Table1820[[#This Row],[Coverage]],CoverageTable[Coverage],0)) -> Yes | Q11: No | R11: Yes (Medium) | S11: No | T11: No | U11: No | V11: No | W11: Yes | X11: 758.13606 | Y11: =_xlfn.XLOOKUP(Table1820[[#This Row],[Coverage]],CoverageTable[Coverage],CoverageTable[Base Rate],,0) -> 622 | Z11: =INDEX(Table16[Ageband Factor],MATCH(Table1820[[#This Row],[Ageband]],Table16[Ageband],0)) -> 1.23 | AA11: =VLOOKUP(Table1820[[#This Row],[Years Driving]],Table1[],2) -> 0.93 | AB11: =_xlfn.XLOOKUP(Table1820[[#This Row],[At Fault Accidents]],Table2[At Fault Accidents],Table2[At Fault Accident Factor],,0) -> 1.55 | AC11: =_xlfn.XLOOKUP(Table1820[[#This Row],[Usage-Based Insurance]],Table3[Usage-Based Insurance],Table3[Usage-Based Insurance Discount],,0) -> 1 | AD11: =_xlfn.XLOOKUP(Table1820[[#This Row],[Yearly Miles]],Table4[Yearly Miles],Table4[Yearly Miles Factor],,0) -> 0.93 | AE11: =_xlfn.XLOOKUP(Table1820[[#This Row],[City/Zip Code]],Table5[City/Zip Code],Table5[City/Zip Code Factor],,0) -> 0.98 | AF11: =_xlfn.XLOOKUP(Table1820[[#This Row],[Vehicle Price]],Table6[Vehicle Price],Table6[Vehicle Price Factor]) -> 1.08 | AG11: =_xlfn.XLOOKUP(Table1820[[#This Row],[Exotic Car]],Table7[Exotic Car],Table7[Exotic Car Factor],,0) -> 1 | AH11: =_xlfn.XLOOKUP(Table1820[[#This Row],[Difficult Parts]],Table8[Difficult Parts],Table8[Difficult Parts Factor],,0) -> 1 | AI11: =_xlfn.XLOOKUP(Table1820[[#This Row],[High Theft Rate]],Table9[High Theft Rate],Table9[High Theft Rate Factor],,0) -> 1 | AJ11: =_xlfn.XLOOKUP(Table1820[[#This Row],[Advanced Safety Features]],Table10[Advanced Safety Features],Table10[Advanced Safety Features Factor],,0) -> 1 | AK11: =_xlfn.XLOOKUP(Table1820[[#This Row],[Deductible]],Table12[Deductible],Table12[Deductible Factor],,0) -> 1 | AL11: =_xlfn.XLOOKUP(Table1820[[#This Row],[Coverage Limit]],Table13[Coverage Limit],Table13[Coverage Limit Factor],,0) -> 0.72 | AM11: =IF(Table1820[[#This Row],[Good Student Discount]]="Yes",'Rate Book'!$D$126,1) -> 1 | AN11: =IF(Table1820[[#This Row],[Good Driver Discount]]="Yes",'Rate Book'!$D$127,1) -> 1 | AO11: =IF(Table1820[[#This Row],[Multi Policy Discount]]="Yes",'Rate Book'!$D$128,1) -> 1 | AP11: =IF(Table1820[[#This Row],[Loyal Customer Discount]]="Yes",'Rate Book'!$D$129,1) -> 1 | AQ11: =IF(Table1820[[#This Row],[Organization Discount]]="Yes",'Rate Book'!$D$130,1) -> 0.97 | AR11: {=IF(Table1820[[#This Row],[Effective Date]]>=RateChangeTable[Effective Date],RateChangeTable[Rate Change Factor],1)} -> 1 | AS11: =PRODUCT(Table1820[[#This Row],[Base Rate]:[Rate Change Factor]]) -> 758.13606 | AT11: =Table1820[[#This Row],[System-Generated Premium]]-Table1820[[#This Row],[Expected Premium]] -> 0 | AU11: =IF(Table1820[[#This Row],[Difference]]=0,"PASS","FAIL") -> PASS | AV11: =ABS(Table1820[[#This Row],[Difference]]) -> 0 | AW11: No Issue
A12: P0011 | B12: 46063 | C12: Comprehensive | D12: 35-44 | E12: 2 | F12: 1 | G12: No | H12: 5,000-8,499 | I12: Culver City (90066) | J12: $15,000-$24,999 | K12: Yes | L12: No | M12: No | N12: No | O12: =INDEX(CoverageTable[Deductible Applies],MATCH(Table1820[[#This Row],[Coverage]],CoverageTable[Coverage],0)) -> Yes | P12: =INDEX(CoverageTable[Coverage Limit Applies],MATCH(Table1820[[#This Row],[Coverage]],CoverageTable[Coverage],0)) -> No | Q12: Yes (High) | R12: No | S12: No | T12: No | U12: No | V12: Yes | W12: No | X12: 242.48787 | Y12: =_xlfn.XLOOKUP(Table1820[[#This Row],[Coverage]],CoverageTable[Coverage],CoverageTable[Base Rate],,0) -> 121 | Z12: =INDEX(Table16[Ageband Factor],MATCH(Table1820[[#This Row],[Ageband]],Table16[Ageband],0)) -> 1 | AA12: =VLOOKUP(Table1820[[#This Row],[Years Driving]],Table1[],2) -> 1.41 | AB12: =_xlfn.XLOOKUP(Table1820[[#This Row],[At Fault Accidents]],Table2[At Fault Accidents],Table2[At Fault Accident Factor],,0) -> 1.34 | AC12: =_xlfn.XLOOKUP(Table1820[[#This Row],[Usage-Based Insurance]],Table3[Usage-Based Insurance],Table3[Usage-Based Insurance Discount],,0) -> 1 | AD12: =_xlfn.XLOOKUP(Table1820[[#This Row],[Yearly Miles]],Table4[Yearly Miles],Table4[Yearly Miles Factor],,0) -> 0.93 | AE12: =_xlfn.XLOOKUP(Table1820[[#This Row],[City/Zip Code]],Table5[City/Zip Code],Table5[City/Zip Code Factor],,0) -> 1.15 | AF12: =_xlfn.XLOOKUP(Table1820[[#This Row],[Vehicle Price]],Table6[Vehicle Price],Table6[Vehicle Price Factor]) -> 1.08 | AG12: =_xlfn.XLOOKUP(Table1820[[#This Row],[Exotic Car]],Table7[Exotic Car],Table7[Exotic Car Factor],,0) -> 1.28 | AH12: =_xlfn.XLOOKUP(Table1820[[#This Row],[Difficult Parts]],Table8[Difficult Parts],Table8[Difficult Parts Factor],,0) -> 1 | AI12: =_xlfn.XLOOKUP(Table1820[[#This Row],[High Theft Rate]],Table9[High Theft Rate],Table9[High Theft Rate Factor],,0) -> 1 | AJ12: =_xlfn.XLOOKUP(Table1820[[#This Row],[Advanced Safety Features]],Table10[Advanced Safety Features],Table10[Advanced Safety Features Factor],,0) -> 1 | AK12: =_xlfn.XLOOKUP(Table1820[[#This Row],[Deductible]],Table12[Deductible],Table12[Deductible Factor],,0) -> 0.72 | AL12: =_xlfn.XLOOKUP(Table1820[[#This Row],[Coverage Limit]],Table13[Coverage Limit],Table13[Coverage Limit Factor],,0) -> 1 | AM12: =IF(Table1820[[#This Row],[Good Student Discount]]="Yes",'Rate Book'!$D$126,1) -> 1 | AN12: =IF(Table1820[[#This Row],[Good Driver Discount]]="Yes",'Rate Book'!$D$127,1) -> 1 | AO12: =IF(Table1820[[#This Row],[Multi Policy Discount]]="Yes",'Rate Book'!$D$128,1) -> 1 | AP12: =IF(Table1820[[#This Row],[Loyal Customer Discount]]="Yes",'Rate Book'!$D$129,1) -> 0.94 | AQ12: =IF(Table1820[[#This Row],[Organization Discount]]="Yes",'Rate Book'!$D$130,1) -> 1 | AR12: {=IF(Table1820[[#This Row],[Effective Date]]>=RateChangeTable[Effective Date],RateChangeTable[Rate Change Factor],1)} -> 1.06 | AS12: =PRODUCT(Table1820[[#This Row],[Base Rate]:[Rate Change Factor]]) -> 242.48787 | AT12: =Table1820[[#This Row],[System-Generated Premium]]-Table1820[[#This Row],[Expected Premium]] -> 0 | AU12: =IF(Table1820[[#This Row],[Difference]]=0,"PASS","FAIL") -> PASS | AV12: =ABS(Table1820[[#This Row],[Difference]]) -> 0 | AW12: No Issue
A13: P0012 | B13: 46097 | C13: Liability | D13: 65+ | E13: 5 | F13: 5+ | G13: Yes (Low Score) | H13: 17,000+ | I13: West Hollywood (90046) | J13: $15,000-$24,999 | K13: No | L13: No | M13: Yes | N13: Yes | O13: =INDEX(CoverageTable[Deductible Applies],MATCH(Table1820[[#This Row],[Coverage]],CoverageTable[Coverage],0)) -> No | P13: =INDEX(CoverageTable[Coverage Limit Applies],MATCH(Table1820[[#This Row],[Coverage]],CoverageTable[Coverage],0)) -> Yes | Q13: No | R13: Yes (Medium) | S13: Yes | T13: Yes | U13: No | V13: No | W13: No | X13: 2373.25 | Y13: =_xlfn.XLOOKUP(Table1820[[#This Row],[Coverage]],CoverageTable[Coverage],CoverageTable[Base Rate],,0) -> 622 | Z13: =INDEX(Table16[Ageband Factor],MATCH(Table1820[[#This Row],[Ageband]],Table16[Ageband],0)) -> 1.27 | AA13: =VLOOKUP(Table1820[[#This Row],[Years Driving]],Table1[],2) -> 1.07 | AB13: =_xlfn.XLOOKUP(Table1820[[#This Row],[At Fault Accidents]],Table2[At Fault Accidents],Table2[At Fault Accident Factor],,0) -> 2.47 | AC13: =_xlfn.XLOOKUP(Table1820[[#This Row],[Usage-Based Insurance]],Table3[Usage-Based Insurance],Table3[Usage-Based Insurance Discount],,0) -> 0.95 | AD13: =_xlfn.XLOOKUP(Table1820[[#This Row],[Yearly Miles]],Table4[Yearly Miles],Table4[Yearly Miles Factor],,0) -> 1.31 | AE13: =_xlfn.XLOOKUP(Table1820[[#This Row],[City/Zip Code]],Table5[City/Zip Code],Table5[City/Zip Code Factor],,0) -> 1.18 | AF13: =_xlfn.XLOOKUP(Table1820[[#This Row],[Vehicle Price]],Table6[Vehicle Price],Table6[Vehicle Price Factor]) -> 1.08 | AG13: =_xlfn.XLOOKUP(Table1820[[#This Row],[Exotic Car]],Table7[Exotic Car],Table7[Exotic Car Factor],,0) -> 1 | AH13: =_xlfn.XLOOKUP(Table1820[[#This Row],[Difficult Parts]],Table8[Difficult Parts],Table8[Difficult Parts Factor],,0) -> 1 | AI13: =_xlfn.XLOOKUP(Table1820[[#This Row],[High Theft Rate]],Table9[High Theft Rate],Table9[High Theft Rate Factor],,0) -> 1.16 | AJ13: =_xlfn.XLOOKUP(Table1820[[#This Row],[Advanced Safety Features]],Table10[Advanced Safety Features],Table10[Advanced Safety Features Factor],,0) -> 0.88 | AK13: =_xlfn.XLOOKUP(Table1820[[#This Row],[Deductible]],Table12[Deductible],Table12[Deductible Factor],,0) -> 1 | AL13: =_xlfn.XLOOKUP(Table1820[[#This Row],[Coverage Limit]],Table13[Coverage Limit],Table13[Coverage Limit Factor],,0) -> 0.72 | AM13: =IF(Table1820[[#This Row],[Good Student Discount]]="Yes",'Rate Book'!$D$126,1) -> 0.92 | AN13: =IF(Table1820[[#This Row],[Good Driver Discount]]="Yes",'Rate Book'!$D$127,1) -> 0.89 | AO13: =IF(Table1820[[#This Row],[Multi Policy Discount]]="Yes",'Rate Book'!$D$128,1) -> 1 | AP13: =IF(Table1820[[#This Row],[Loyal Customer Discount]]="Yes",'Rate Book'!$D$129,1) -> 1 | AQ13: =IF(Table1820[[#This Row],[Organization Discount]]="Yes",'Rate Book'!$D$130,1) -> 1 | AR13: {=IF(Table1820[[#This Row],[Effective Date]]>=RateChangeTable[Effective Date],RateChangeTable[Rate Change Factor],1)} -> 1.06 | AS13: =PRODUCT(Table1820[[#This Row],[Base Rate]:[Rate Change Factor]]) -> 2112.187 | AT13: =Table1820[[#This Row],[System-Generated Premium]]-Table1820[[#This Row],[Expected Premium]] -> 261.06304 | AU13: =IF(Table1820[[#This Row],[Difference]]=0,"PASS","FAIL") -> FAIL | AV13: =ABS(Table1820[[#This Row],[Difference]]) -> 261.06304 | AW13: Good Driver Factor not applied
A14: P0013 | B14: 46139 | C14: Uninsured Motorist | D14: 45-54 | E14: 1 | F14: 3 | G14: Yes (Low Score) | H14: 13,500-16,999 | I14: Torrance (90248) | J14: $5,000-$14,999 | K14: Yes | L14: No | M14: No | N14: Yes | O14: =INDEX(CoverageTable[Deductible Applies],MATCH(Table1820[[#This Row],[Coverage]],CoverageTable[Coverage],0)) -> No | P14: =INDEX(CoverageTable[Coverage Limit Applies],MATCH(Table1820[[#This Row],[Coverage]],CoverageTable[Coverage],0)) -> Yes | Q14: No | R14: Yes (Medium) | S14: No | T14: No | U14: No | V14: No | W14: No | X14: 260.80745 | Y14: =_xlfn.XLOOKUP(Table1820[[#This Row],[Coverage]],CoverageTable[Coverage],CoverageTable[Base Rate],,0) -> 78 | Z14: =INDEX(Table16[Ageband Factor],MATCH(Table1820[[#This Row],[Ageband]],Table16[Ageband],0)) -> 1.07 | AA14: =VLOOKUP(Table1820[[#This Row],[Years Driving]],Table1[],2) -> 1.64 | AB14: =_xlfn.XLOOKUP(Table1820[[#This Row],[At Fault Accidents]],Table2[At Fault Accidents],Table2[At Fault Accident Factor],,0) -> 1.82 | AC14: =_xlfn.XLOOKUP(Table1820[[#This Row],[Usage-Based Insurance]],Table3[Usage-Based Insurance],Table3[Usage-Based Insurance Discount],,0) -> 0.95 | AD14: =_xlfn.XLOOKUP(Table1820[[#This Row],[Yearly Miles]],Table4[Yearly Miles],Table4[Yearly Miles Factor],,0) -> 1.18 | AE14: =_xlfn.XLOOKUP(Table1820[[#This Row],[City/Zip Code]],Table5[City/Zip Code],Table5[City/Zip Code Factor],,0) -> 1.12 | AF14: =_xlfn.XLOOKUP(Table1820[[#This Row],[Vehicle Price]],Table6[Vehicle Price],Table6[Vehicle Price Factor]) -> 0.97 | AG14: =_xlfn.XLOOKUP(Table1820[[#This Row],[Exotic Car]],Table7[Exotic Car],Table7[Exotic Car Factor],,0) -> 1.28 | AH14: =_xlfn.XLOOKUP(Table1820[[#This Row],[Difficult Parts]],Table8[Difficult Parts],Table8[Difficult Parts Factor],,0) -> 1 | AI14: =_xlfn.XLOOKUP(Table1820[[#This Row],[High Theft Rate]],Table9[High Theft Rate],Table9[High Theft Rate Factor],,0) -> 1 | AJ14: =_xlfn.XLOOKUP(Table1820[[#This Row],[Advanced Safety Features]],Table10[Advanced Safety Features],Table10[Advanced Safety Features Factor],,0) -> 0.88 | AK14: =_xlfn.XLOOKUP(Table1820[[#This Row],[Deductible]],Table12[Deductible],Table12[Deductible Factor],,0) -> 1 | AL14: =_xlfn.XLOOKUP(Table1820[[#This Row],[Coverage Limit]],Table13[Coverage Limit],Table13[Coverage Limit Factor],,0) -> 0.72 | AM14: =IF(Table1820[[#This Row],[Good Student Discount]]="Yes",'Rate Book'!$D$126,1) -> 1 | AN14: =IF(Table1820[[#This Row],[Good Driver Discount]]="Yes",'Rate Book'!$D$127,1) -> 1 | AO14: =IF(Table1820[[#This Row],[Multi Policy Discount]]="Yes",'Rate Book'!$D$128,1) -> 1 | AP14: =IF(Table1820[[#This Row],[Loyal Customer Discount]]="Yes",'Rate Book'!$D$129,1) -> 1 | AQ14: =IF(Table1820[[#This Row],[Organization Discount]]="Yes",'Rate Book'!$D$130,1) -> 1 | AR14: {=IF(Table1820[[#This Row],[Effective Date]]>=RateChangeTable[Effective Date],RateChangeTable[Rate Change Factor],1)} -> 1.06 | AS14: =PRODUCT(Table1820[[#This Row],[Base Rate]:[Rate Change Factor]]) -> 260.80745 | AT14: =Table1820[[#This Row],[System-Generated Premium]]-Table1820[[#This Row],[Expected Premium]] -> 0 | AU14: =IF(Table1820[[#This Row],[Difference]]=0,"PASS","FAIL") -> PASS | AV14: =ABS(Table1820[[#This Row],[Difference]]) -> 0 | AW14: No Issue
A15: P0014 | B15: 45901 | C15: Liability | D15: 55-64 | E15: 5 | F15: 3 | G15: Yes (High Score) | H15: 17,000+ | I15: Costa Mesa (92626) | J15: $45,000-$84,999 | K15: No | L15: No | M15: No | N15: Yes | O15: =INDEX(CoverageTable[Deductible Applies],MATCH(Table1820[[#This Row],[Coverage]],CoverageTable[Coverage],0)) -> No | P15: =INDEX(CoverageTable[Coverage Limit Applies],MATCH(Table1820[[#This Row],[Coverage]],CoverageTable[Coverage],0)) -> Yes | Q15: No | R15: Yes (Medium) | S15: No | T15: Yes | U15: No | V15: Yes | W15: No | X15: 884.44073 | Y15: =_xlfn.XLOOKUP(Table1820[[#This Row],[Coverage]],CoverageTable[Coverage],CoverageTable[Base Rate],,0) -> 622 | Z15: =INDEX(Table16[Ageband Factor],MATCH(Table1820[[#This Row],[Ageband]],Table16[Ageband],0)) -> 1.12 | AA15: =VLOOKUP(Table1820[[#This Row],[Years Driving]],Table1[],2) -> 1.07 | AB15: =_xlfn.XLOOKUP(Table1820[[#This Row],[At Fault Accidents]],Table2[At Fault Accidents],Table2[At Fault Accident Factor],,0) -> 1.82 | AC15: =_xlfn.XLOOKUP(Table1820[[#This Row],[Usage-Based Insurance]],Table3[Usage-Based Insurance],Table3[Usage-Based Insurance Discount],,0) -> 0.65 | AD15: =_xlfn.XLOOKUP(Table1820[[#This Row],[Yearly Miles]],Table4[Yearly Miles],Table4[Yearly Miles Factor],,0) -> 1.31 | AE15: =_xlfn.XLOOKUP(Table1820[[#This Row],[City/Zip Code]],Table5[City/Zip Code],Table5[City/Zip Code Factor],,0) -> 0.92 | AF15: =_xlfn.XLOOKUP(Table1820[[#This Row],[Vehicle Price]],Table6[Vehicle Price],Table6[Vehicle Price Factor]) -> 1.57 | AG15: =_xlfn.XLOOKUP(Table1820[[#This Row],[Exotic Car]],Table7[Exotic Car],Table7[Exotic Car Factor],,0) -> 1 | AH15: =_xlfn.XLOOKUP(Table1820[[#This Row],[Difficult Parts]],Table8[Difficult Parts],Table8[Difficult Parts Factor],,0) -> 1 | AI15: =_xlfn.XLOOKUP(Table1820[[#This Row],[High Theft Rate]],Table9[High Theft Rate],Table9[High Theft Rate Factor],,0) -> 1 | AJ15: =_xlfn.XLOOKUP(Table1820[[#This Row],[Advanced Safety Features]],Table10[Advanced Safety Features],Table10[Advanced Safety Features Factor],,0) -> 0.88 | AK15: =_xlfn.XLOOKUP(Table1820[[#This Row],[Deductible]],Table12[Deductible],Table12[Deductible Factor],,0) -> 1 | AL15: =_xlfn.XLOOKUP(Table1820[[#This Row],[Coverage Limit]],Table13[Coverage Limit],Table13[Coverage Limit Factor],,0) -> 0.72 | AM15: =IF(Table1820[[#This Row],[Good Student Discount]]="Yes",'Rate Book'!$D$126,1) -> 1 | AN15: =IF(Table1820[[#This Row],[Good Driver Discount]]="Yes",'Rate Book'!$D$127,1) -> 0.89 | AO15: =IF(Table1820[[#This Row],[Multi Policy Discount]]="Yes",'Rate Book'!$D$128,1) -> 1 | AP15: =IF(Table1820[[#This Row],[Loyal Customer Discount]]="Yes",'Rate Book'!$D$129,1) -> 0.94 | AQ15: =IF(Table1820[[#This Row],[Organization Discount]]="Yes",'Rate Book'!$D$130,1) -> 1 | AR15: {=IF(Table1820[[#This Row],[Effective Date]]>=RateChangeTable[Effective Date],RateChangeTable[Rate Change Factor],1)} -> 1 | AS15: =PRODUCT(Table1820[[#This Row],[Base Rate]:[Rate Change Factor]]) -> 884.44073 | AT15: =Table1820[[#This Row],[System-Generated Premium]]-Table1820[[#This Row],[Expected Premium]] -> 0 | AU15: =IF(Table1820[[#This Row],[Difference]]=0,"PASS","FAIL") -> PASS | AV15: =ABS(Table1820[[#This Row],[Difference]]) -> 0 | AW15: No Issue
A16: P0015 | B16: 45813 | C16: Liability | D16: 35-44 | E16: 7 | F16: 4 | G16: No | H16: 5,000-8,499 | I16: Long Beach (90712) | J16: $0-$4,999 | K16: No | L16: No | M16: No | N16: Yes | O16: =INDEX(CoverageTable[Deductible Applies],MATCH(Table1820[[#This Row],[Coverage]],CoverageTable[Coverage],0)) -> No | P16: =INDEX(CoverageTable[Coverage Limit Applies],MATCH(Table1820[[#This Row],[Coverage]],CoverageTable[Coverage],0)) -> Yes | Q16: No | R16: Yes (Medium) | S16: No | T16: No | U16: No | V16: No | W16: Yes | X16: 657.58451 | Y16: =_xlfn.XLOOKUP(Table1820[[#This Row],[Coverage]],CoverageTable[Coverage],CoverageTable[Base Rate],,0) -> 622 | Z16: =INDEX(Table16[Ageband Factor],MATCH(Table1820[[#This Row],[Ageband]],Table16[Ageband],0)) -> 1 | AA16: =VLOOKUP(Table1820[[#This Row],[Years Driving]],Table1[],2) -> 0.95 | AB16: =_xlfn.XLOOKUP(Table1820[[#This Row],[At Fault Accidents]],Table2[At Fault Accidents],Table2[At Fault Accident Factor],,0) -> 2.12 | AC16: =_xlfn.XLOOKUP(Table1820[[#This Row],[Usage-Based Insurance]],Table3[Usage-Based Insurance],Table3[Usage-Based Insurance Discount],,0) -> 1 | AD16: =_xlfn.XLOOKUP(Table1820[[#This Row],[Yearly Miles]],Table4[Yearly Miles],Table4[Yearly Miles Factor],,0) -> 0.93 | AE16: =_xlfn.XLOOKUP(Table1820[[#This Row],[City/Zip Code]],Table5[City/Zip Code],Table5[City/Zip Code Factor],,0) -> 1.12 | AF16: =_xlfn.XLOOKUP(Table1820[[#This Row],[Vehicle Price]],Table6[Vehicle Price],Table6[Vehicle Price Factor]) -> 0.82 | AG16: =_xlfn.XLOOKUP(Table1820[[#This Row],[Exotic Car]],Table7[Exotic Car],Table7[Exotic Car Factor],,0) -> 1 | AH16: =_xlfn.XLOOKUP(Table1820[[#This Row],[Difficult Parts]],Table8[Difficult Parts],Table8[Difficult Parts Factor],,0) -> 1 | AI16: =_xlfn.XLOOKUP(Table1820[[#This Row],[High Theft Rate]],Table9[High Theft Rate],Table9[High Theft Rate Factor],,0) -> 1 | AJ16: =_xlfn.XLOOKUP(Table1820[[#This Row],[Advanced Safety Features]],Table10[Advanced Safety Features],Table10[Advanced Safety Features Factor],,0) -> 0.88 | AK16: =_xlfn.XLOOKUP(Table1820[[#This Row],[Deductible]],Table12[Deductible],Table12[Deductible Factor],,0) -> 1 | AL16: =_xlfn.XLOOKUP(Table1820[[#This Row],[Coverage Limit]],Table13[Coverage Limit],Table13[Coverage Limit Factor],,0) -> 0.72 | AM16: =IF(Table1820[[#This Row],[Good Student Discount]]="Yes",'Rate Book'!$D$126,1) -> 1 | AN16: =IF(Table1820[[#This Row],[Good Driver Discount]]="Yes",'Rate Book'!$D$127,1) -> 1 | AO16: =IF(Table1820[[#This Row],[Multi Policy Discount]]="Yes",'Rate Book'!$D$128,1) -> 1 | AP16: =IF(Table1820[[#This Row],[Loyal Customer Discount]]="Yes",'Rate Book'!$D$129,1) -> 1 | AQ16: =IF(Table1820[[#This Row],[Organization Discount]]="Yes",'Rate Book'!$D$130,1) -> 0.97 | AR16: {=IF(Table1820[[#This Row],[Effective Date]]>=RateChangeTable[Effective Date],RateChangeTable[Rate Change Factor],1)} -> 1 | AS16: =PRODUCT(Table1820[[#This Row],[Base Rate]:[Rate Change Factor]]) -> 657.58451 | AT16: =Table1820[[#This Row],[System-Generated Premium]]-Table1820[[#This Row],[Expected Premium]] -> 0 | AU16: =IF(Table1820[[#This Row],[Difference]]=0,"PASS","FAIL") -> PASS | AV16: =ABS(Table1820[[#This Row],[Difference]]) -> 0 | AW16: No Issue
A17: P0016 | B17: 45944 | C17: Collision | D17: 16-24 | E17: 7 | F17: 0 | G17: Yes (Medium Score) | H17: 8,500-13,499 | I17: Fullerton (92832) | J17: $150,000+ | K17: No | L17: No | M17: No | N17: No | O17: =INDEX(CoverageTable[Deductible Applies],MATCH(Table1820[[#This Row],[Coverage]],CoverageTable[Coverage],0)) -> Yes | P17: =INDEX(CoverageTable[Coverage Limit Applies],MATCH(Table1820[[#This Row],[Coverage]],CoverageTable[Coverage],0)) -> No | Q17: Yes (Medium) | R17: No | S17: No | T17: Yes | U17: No | V17: No | W17: No | X17: 1092.0812 | Y17: =_xlfn.XLOOKUP(Table1820[[#This Row],[Coverage]],CoverageTable[Coverage],CoverageTable[Base Rate],,0) -> 453 | Z17: =INDEX(Table16[Ageband Factor],MATCH(Table1820[[#This Row],[Ageband]],Table16[Ageband],0)) -> 1.32 | AA17: =VLOOKUP(Table1820[[#This Row],[Years Driving]],Table1[],2) -> 0.95 | AB17: =_xlfn.XLOOKUP(Table1820[[#This Row],[At Fault Accidents]],Table2[At Fault Accidents],Table2[At Fault Accident Factor],,0) -> 1 | AC17: =_xlfn.XLOOKUP(Table1820[[#This Row],[Usage-Based Insurance]],Table3[Usage-Based Insurance],Table3[Usage-Based Insurance Discount],,0) -> 0.8 | AD17: =_xlfn.XLOOKUP(Table1820[[#This Row],[Yearly Miles]],Table4[Yearly Miles],Table4[Yearly Miles Factor],,0) -> 1 | AE17: =_xlfn.XLOOKUP(Table1820[[#This Row],[City/Zip Code]],Table5[City/Zip Code],Table5[City/Zip Code Factor],,0) -> 1.12 | AF17: =_xlfn.XLOOKUP(Table1820[[#This Row],[Vehicle Price]],Table6[Vehicle Price],Table6[Vehicle Price Factor]) -> 2.87 | AG17: =_xlfn.XLOOKUP(Table1820[[#This Row],[Exotic Car]],Table7[Exotic Car],Table7[Exotic Car Factor],,0) -> 1 | AH17: =_xlfn.XLOOKUP(Table1820[[#This Row],[Difficult Parts]],Table8[Difficult Parts],Table8[Difficult Parts Factor],,0) -> 1 | AI17: =_xlfn.XLOOKUP(Table1820[[#This Row],[High Theft Rate]],Table9[High Theft Rate],Table9[High Theft Rate Factor],,0) -> 1 | AJ17: =_xlfn.XLOOKUP(Table1820[[#This Row],[Advanced Safety Features]],Table10[Advanced Safety Features],Table10[Advanced Safety Features Factor],,0) -> 1 | AK17: =_xlfn.XLOOKUP(Table1820[[#This Row],[Deductible]],Table12[Deductible],Table12[Deductible Factor],,0) -> 0.84 | AL17: =_xlfn.XLOOKUP(Table1820[[#This Row],[Coverage Limit]],Table13[Coverage Limit],Table13[Coverage Limit Factor],,0) -> 1 | AM17: =IF(Table1820[[#This Row],[Good Student Discount]]="Yes",'Rate Book'!$D$126,1) -> 1 | AN17: =IF(Table1820[[#This Row],[Good Driver Discount]]="Yes",'Rate Book'!$D$127,1) -> 0.89 | AO17: =IF(Table1820[[#This Row],[Multi Policy Discount]]="Yes",'Rate Book'!$D$128,1) -> 1 | AP17: =IF(Table1820[[#This Row],[Loyal Customer Discount]]="Yes",'Rate Book'!$D$129,1) -> 1 | AQ17: =IF(Table1820[[#This Row],[Organization Discount]]="Yes",'Rate Book'!$D$130,1) -> 1 | AR17: {=IF(Table1820[[#This Row],[Effective Date]]>=RateChangeTable[Effective Date],RateChangeTable[Rate Change Factor],1)} -> 1 | AS17: =PRODUCT(Table1820[[#This Row],[Base Rate]:[Rate Change Factor]]) -> 1092.0812 | AT17: =Table1820[[#This Row],[System-Generated Premium]]-Table1820[[#This Row],[Expected Premium]] -> 0 | AU17: =IF(Table1820[[#This Row],[Difference]]=0,"PASS","FAIL") -> PASS | AV17: =ABS(Table1820[[#This Row],[Difference]]) -> 0 | AW17: No Issue
A18: P0017 | B18: 45792 | C18: Uninsured Motorist | D18: 65+ | E18: 7 | F18: 1 | G18: Yes (Low Score) | H18: 17,000+ | I18: Compton (90220) | J18: $5,000-$14,999 | K18: No | L18: No | M18: No | N18: Yes | O18: =INDEX(CoverageTable[Deductible Applies],MATCH(Table1820[[#This Row],[Coverage]],CoverageTable[Coverage],0)) -> No | P18: =INDEX(CoverageTable[Coverage Limit Applies],MATCH(Table1820[[#This Row],[Coverage]],CoverageTable[Coverage],0)) -> Yes | Q18: No | R18: Yes (High) | S18: No | T18: No | U18: No | V18: No | W18: No | X18: 175.54155 | Y18: =_xlfn.XLOOKUP(Table1820[[#This Row],[Coverage]],CoverageTable[Coverage],CoverageTable[Base Rate],,0) -> 78 | Z18: =INDEX(Table16[Ageband Factor],MATCH(Table1820[[#This Row],[Ageband]],Table16[Ageband],0)) -> 1.27 | AA18: =VLOOKUP(Table1820[[#This Row],[Years Driving]],Table1[],2) -> 0.95 | AB18: =_xlfn.XLOOKUP(Table1820[[#This Row],[At Fault Accidents]],Table2[At Fault Accidents],Table2[At Fault Accident Factor],,0) -> 1.34 | AC18: =_xlfn.XLOOKUP(Table1820[[#This Row],[Usage-Based Insurance]],Table3[Usage-Based Insurance],Table3[Usage-Based Insurance Discount],,0) -> 0.95 | AD18: =_xlfn.XLOOKUP(Table1820[[#This Row],[Yearly Miles]],Table4[Yearly Miles],Table4[Yearly Miles Factor],,0) -> 1.31 | AE18: =_xlfn.XLOOKUP(Table1820[[#This Row],[City/Zip Code]],Table5[City/Zip Code],Table5[City/Zip Code Factor],,0) -> 1.56 | AF18: =_xlfn.XLOOKUP(Table1820[[#This Row],[Vehicle Price]],Table6[Vehicle Price],Table6[Vehicle Price Factor]) -> 0.97 | AG18: =_xlfn.XLOOKUP(Table1820[[#This Row],[Exotic Car]],Table7[Exotic Car],Table7[Exotic Car Factor],,0) -> 1 | AH18: =_xlfn.XLOOKUP(Table1820[[#This Row],[Difficult Parts]],Table8[Difficult Parts],Table8[Difficult Parts Factor],,0) -> 1 | AI18: =_xlfn.XLOOKUP(Table1820[[#This Row],[High Theft Rate]],Table9[High Theft Rate],Table9[High Theft Rate Factor],,0) -> 1 | AJ18: =_xlfn.XLOOKUP(Table1820[[#This Row],[Advanced Safety Features]],Table10[Advanced Safety Features],Table10[Advanced Safety Features Factor],,0) -> 0.88 | AK18: =_xlfn.XLOOKUP(Table1820[[#This Row],[Deductible]],Table12[Deductible],Table12[Deductible Factor],,0) -> 1 | AL18: =_xlfn.XLOOKUP(Table1820[[#This Row],[Coverage Limit]],Table13[Coverage Limit],Table13[Coverage Limit Factor],,0) -> 0.84 | AM18: =IF(Table1820[[#This Row],[Good Student Discount]]="Yes",'Rate Book'!$D$126,1) -> 1 | AN18: =IF(Table1820[[#This Row],[Good Driver Discount]]="Yes",'Rate Book'!$D$127,1) -> 1 | AO18: =IF(Table1820[[#This Row],[Multi Policy Discount]]="Yes",'Rate Book'!$D$128,1) -> 1 | AP18: =IF(Table1820[[#This Row],[Loyal Customer Discount]]="Yes",'Rate Book'!$D$129,1) -> 1 | AQ18: =IF(Table1820[[#This Row],[Organization Discount]]="Yes",'Rate Book'!$D$130,1) -> 1 | AR18: {=IF(Table1820[[#This Row],[Effective Date]]>=RateChangeTable[Effective Date],RateChangeTable[Rate Change Factor],1)} -> 1 | AS18: =PRODUCT(Table1820[[#This Row],[Base Rate]:[Rate Change Factor]]) -> 175.54155 | AT18: =Table1820[[#This Row],[System-Generated Premium]]-Table1820[[#This Row],[Expected Premium]] -> 0 | AU18: =IF(Table1820[[#This Row],[Difference]]=0,"PASS","FAIL") -> PASS | AV18: =ABS(Table1820[[#This Row],[Difference]]) -> 0 | AW18: No Issue
A19: P0018 | B19: 45825 | C19: Collision | D19: 65+ | E19: 7 | F19: 1 | G19: No | H19: 0-4,999 | I19: West Hollywood (90046) | J19: $15,000-$24,999 | K19: No | L19: No | M19: No | N19: No | O19: =INDEX(CoverageTable[Deductible Applies],MATCH(Table1820[[#This Row],[Coverage]],CoverageTable[Coverage],0)) -> Yes | P19: =INDEX(CoverageTable[Coverage Limit Applies],MATCH(Table1820[[#This Row],[Coverage]],CoverageTable[Coverage],0)) -> No | Q19: Yes (Low) | R19: No | S19: No | T19: No | U19: No | V19: No | W19: No | X19: 727.06552 | Y19: =_xlfn.XLOOKUP(Table1820[[#This Row],[Coverage]],CoverageTable[Coverage],CoverageTable[Base Rate],,0) -> 453 | Z19: =INDEX(Table16[Ageband Factor],MATCH(Table1820[[#This Row],[Ageband]],Table16[Ageband],0)) -> 1.27 | AA19: =VLOOKUP(Table1820[[#This Row],[Years Driving]],Table1[],2) -> 0.95 | AB19: =_xlfn.XLOOKUP(Table1820[[#This Row],[At Fault Accidents]],Table2[At Fault Accidents],Table2[At Fault Accident Factor],,0) -> 1.34 | AC19: =_xlfn.XLOOKUP(Table1820[[#This Row],[Usage-Based Insurance]],Table3[Usage-Based Insurance],Table3[Usage-Based Insurance Discount],,0) -> 1 | AD19: =_xlfn.XLOOKUP(Table1820[[#This Row],[Yearly Miles]],Table4[Yearly Miles],Table4[Yearly Miles Factor],,0) -> 0.82 | AE19: =_xlfn.XLOOKUP(Table1820[[#This Row],[City/Zip Code]],Table5[City/Zip Code],Table5[City/Zip Code Factor],,0) -> 1.18 | AF19: =_xlfn.XLOOKUP(Table1820[[#This Row],[Vehicle Price]],Table6[Vehicle Price],Table6[Vehicle Price Factor]) -> 1.08 | AG19: =_xlfn.XLOOKUP(Table1820[[#This Row],[Exotic Car]],Table7[Exotic Car],Table7[Exotic Car Factor],,0) -> 1 | AH19: =_xlfn.XLOOKUP(Table1820[[#This Row],[Difficult Parts]],Table8[Difficult Parts],Table8[Difficult Parts Factor],,0) -> 1 | AI19: =_xlfn.XLOOKUP(Table1820[[#This Row],[High Theft Rate]],Table9[High Theft Rate],Table9[High Theft Rate Factor],,0) -> 1 | AJ19: =_xlfn.XLOOKUP(Table1820[[#This Row],[Advanced Safety Features]],Table10[Advanced Safety Features],Table10[Advanced Safety Features Factor],,0) -> 1 | AK19: =_xlfn.XLOOKUP(Table1820[[#This Row],[Deductible]],Table12[Deductible],Table12[Deductible Factor],,0) -> 0.95 | AL19: =_xlfn.XLOOKUP(Table1820[[#This Row],[Coverage Limit]],Table13[Coverage Limit],Table13[Coverage Limit Factor],,0) -> 1 | AM19: =IF(Table1820[[#This Row],[Good Student Discount]]="Yes",'Rate Book'!$D$126,1) -> 1 | AN19: =IF(Table1820[[#This Row],[Good Driver Discount]]="Yes",'Rate Book'!$D$127,1) -> 1 | AO19: =IF(Table1820[[#This Row],[Multi Policy Discount]]="Yes",'Rate Book'!$D$128,1) -> 1 | AP19: =IF(Table1820[[#This Row],[Loyal Customer Discount]]="Yes",'Rate Book'!$D$129,1) -> 1 | AQ19: =IF(Table1820[[#This Row],[Organization Discount]]="Yes",'Rate Book'!$D$130,1) -> 1 | AR19: {=IF(Table1820[[#This Row],[Effective Date]]>=RateChangeTable[Effective Date],RateChangeTable[Rate Change Factor],1)} -> 1 | AS19: =PRODUCT(Table1820[[#This Row],[Base Rate]:[Rate Change Factor]]) -> 727.06552 | AT19: =Table1820[[#This Row],[System-Generated Premium]]-Table1820[[#This Row],[Expected Premium]] -> 0 | AU19: =IF(Table1820[[#This Row],[Difference]]=0,"PASS","FAIL") -> PASS | AV19: =ABS(Table1820[[#This Row],[Difference]]) -> 0 | AW19: No Issue
A20: P0019 | B20: 46085 | C20: Uninsured Motorist | D20: 65+ | E20: 3 | F20: 5+ | G20: No | H20: 0-4,999 | I20: Santa Monica (90401) | J20: $15,000-$24,999 | K20: No | L20: Yes | M20: No | N20: Yes | O20: =INDEX(CoverageTable[Deductible Applies],MATCH(Table1820[[#This Row],[Coverage]],CoverageTable[Coverage],0)) -> No | P20: =INDEX(CoverageTable[Coverage Limit Applies],MATCH(Table1820[[#This Row],[Coverage]],CoverageTable[Coverage],0)) -> Yes | Q20: No | R20: Yes (High) | S20: No | T20: No | U20: No | V20: No | W20: No | X20: 330.39 | Y20: =_xlfn.XLOOKUP(Table1820[[#This Row],[Coverage]],CoverageTable[Coverage],CoverageTable[Base Rate],,0) -> 78 | Z20: =INDEX(Table16[Ageband Factor],MATCH(Table1820[[#This Row],[Ageband]],Table16[Ageband],0)) -> 1.27 | AA20: =VLOOKUP(Table1820[[#This Row],[Years Driving]],Table1[],2) -> 1.22 | AB20: =_xlfn.XLOOKUP(Table1820[[#This Row],[At Fault Accidents]],Table2[At Fault Accidents],Table2[At Fault Accident Factor],,0) -> 2.47 | AC20: =_xlfn.XLOOKUP(Table1820[[#This Row],[Usage-Based Insurance]],Table3[Usage-Based Insurance],Table3[Usage-Based Insurance Discount],,0) -> 1 | AD20: =_xlfn.XLOOKUP(Table1820[[#This Row],[Yearly Miles]],Table4[Yearly Miles],Table4[Yearly Miles Factor],,0) -> 0.82 | AE20: =_xlfn.XLOOKUP(Table1820[[#This Row],[City/Zip Code]],Table5[City/Zip Code],Table5[City/Zip Code Factor],,0) -> 1.16 | AF20: =_xlfn.XLOOKUP(Table1820[[#This Row],[Vehicle Price]],Table6[Vehicle Price],Table6[Vehicle Price Factor]) -> 1.08 | AG20: =_xlfn.XLOOKUP(Table1820[[#This Row],[Exotic Car]],Table7[Exotic Car],Table7[Exotic Car Factor],,0) -> 1 | AH20: =_xlfn.XLOOKUP(Table1820[[#This Row],[Difficult Parts]],Table8[Difficult Parts],Table8[Difficult Parts Factor],,0) -> 1.21 | AI20: =_xlfn.XLOOKUP(Table1820[[#This Row],[High Theft Rate]],Table9[High Theft Rate],Table9[High Theft Rate Factor],,0) -> 1 | AJ20: =_xlfn.XLOOKUP(Table1820[[#This Row],[Advanced Safety Features]],Table10[Advanced Safety Features],Table10[Advanced Safety Features Factor],,0) -> 0.88 | AK20: =_xlfn.XLOOKUP(Table1820[[#This Row],[Deductible]],Table12[Deductible],Table12[Deductible Factor],,0) -> 1 | AL20: =_xlfn.XLOOKUP(Table1820[[#This Row],[Coverage Limit]],Table13[Coverage Limit],Table13[Coverage Limit Factor],,0) -> 0.84 | AM20: =IF(Table1820[[#This Row],[Good Student Discount]]="Yes",'Rate Book'!$D$126,1) -> 1 | AN20: =IF(Table1820[[#This Row],[Good Driver Discount]]="Yes",'Rate Book'!$D$127,1) -> 1 | AO20: =IF(Table1820[[#This Row],[Multi Policy Discount]]="Yes",'Rate Book'!$D$128,1) -> 1 | AP20: =IF(Table1820[[#This Row],[Loyal Customer Discount]]="Yes",'Rate Book'!$D$129,1) -> 1 | AQ20: =IF(Table1820[[#This Row],[Organization Discount]]="Yes",'Rate Book'!$D$130,1) -> 1 | AR20: {=IF(Table1820[[#This Row],[Effective Date]]>=RateChangeTable[Effective Date],RateChangeTable[Rate Change Factor],1)} -> 1.06 | AS20: =PRODUCT(Table1820[[#This Row],[Base Rate]:[Rate Change Factor]]) -> 290.73941 | AT20: =Table1820[[#This Row],[System-Generated Premium]]-Table1820[[#This Row],[Expected Premium]] -> 39.650594 | AU20: =IF(Table1820[[#This Row],[Difference]]=0,"PASS","FAIL") -> FAIL | AV20: =ABS(Table1820[[#This Row],[Difference]]) -> 39.650594 | AW20: Advanced Safety Features Factor not applied
A21: P0020 | B21: 45889 | C21: Uninsured Motorist | D21: 25-34 | E21: 6 | F21: 0 | G21: Yes (High Score) | H21: 8,500-13,499 | I21: Compton (90220) | J21: $85,000-$149,999 | K21: No | L21: No | M21: No | N21: Yes | O21: =INDEX(CoverageTable[Deductible Applies],MATCH(Table1820[[#This Row],[Coverage]],CoverageTable[Coverage],0)) -> No | P21: =INDEX(CoverageTable[Coverage Limit Applies],MATCH(Table1820[[#This Row],[Coverage]],CoverageTable[Coverage],0)) -> Yes | Q21: No | R21: Yes (High) | S21: No | T21: No | U21: No | V21: No | W21: No | X21: 145.26166 | Y21: =_xlfn.XLOOKUP(Table1820[[#This Row],[Coverage]],CoverageTable[Coverage],CoverageTable[Base Rate],,0) -> 78 | Z21: =INDEX(Table16[Ageband Factor],MATCH(Table1820[[#This Row],[Ageband]],Table16[Ageband],0)) -> 1.23 | AA21: =VLOOKUP(Table1820[[#This Row],[Years Driving]],Table1[],2) -> 1 | AB21: =_xlfn.XLOOKUP(Table1820[[#This Row],[At Fault Accidents]],Table2[At Fault Accidents],Table2[At Fault Accident Factor],,0) -> 1 | AC21: =_xlfn.XLOOKUP(Table1820[[#This Row],[Usage-Based Insurance]],Table3[Usage-Based Insurance],Table3[Usage-Based Insurance Discount],,0) -> 0.65 | AD21: =_xlfn.XLOOKUP(Table1820[[#This Row],[Yearly Miles]],Table4[Yearly Miles],Table4[Yearly Miles Factor],,0) -> 1 | AE21: =_xlfn.XLOOKUP(Table1820[[#This Row],[City/Zip Code]],Table5[City/Zip Code],Table5[City/Zip Code Factor],,0) -> 1.56 | AF21: =_xlfn.XLOOKUP(Table1820[[#This Row],[Vehicle Price]],Table6[Vehicle Price],Table6[Vehicle Price Factor]) -> 2.02 | AG21: =_xlfn.XLOOKUP(Table1820[[#This Row],[Exotic Car]],Table7[Exotic Car],Table7[Exotic Car Factor],,0) -> 1 | AH21: =_xlfn.XLOOKUP(Table1820[[#This Row],[Difficult Parts]],Table8[Difficult Parts],Table8[Difficult Parts Factor],,0) -> 1 | AI21: =_xlfn.XLOOKUP(Table1820[[#This Row],[High Theft Rate]],Table9[High Theft Rate],Table9[High Theft Rate Factor],,0) -> 1 | AJ21: =_xlfn.XLOOKUP(Table1820[[#This Row],[Advanced Safety Features]],Table10[Advanced Safety Features],Table10[Advanced Safety Features Factor],,0) -> 0.88 | AK21: =_xlfn.XLOOKUP(Table1820[[#This Row],[Deductible]],Table12[Deductible],Table12[Deductible Factor],,0) -> 1 | AL21: =_xlfn.XLOOKUP(Table1820[[#This Row],[Coverage Limit]],Table13[Coverage Limit],Table13[Coverage Limit Factor],,0) -> 0.84 | AM21: =IF(Table1820[[#This Row],[Good Student Discount]]="Yes",'Rate Book'!$D$126,1) -> 1 | AN21: =IF(Table1820[[#This Row],[Good Driver Discount]]="Yes",'Rate Book'!$D$127,1) -> 1 | AO21: =IF(Table1820[[#This Row],[Multi Policy Discount]]="Yes",'Rate Book'!$D$128,1) -> 1 | AP21: =IF(Table1820[[#This Row],[Loyal Customer Discount]]="Yes",'Rate Book'!$D$129,1) -> 1 | AQ21: =IF(Table1820[[#This Row],[Organization Discount]]="Yes",'Rate Book'!$D$130,1) -> 1 | AR21: {=IF(Table1820[[#This Row],[Effective Date]]>=RateChangeTable[Effective Date],RateChangeTable[Rate Change Factor],1)} -> 1 | AS21: =PRODUCT(Table1820[[#This Row],[Base Rate]:[Rate Change Factor]]) -> 145.26166 | AT21: =Table1820[[#This Row],[System-Generated Premium]]-Table1820[[#This Row],[Expected Premium]] -> 0 | AU21: =IF(Table1820[[#This Row],[Difference]]=0,"PASS","FAIL") -> PASS | AV21: =ABS(Table1820[[#This Row],[Difference]]) -> 0 | AW21: No Issue
A22: P0021 | B22: 45863 | C22: Collision | D22: 16-24 | E22: 1 | F22: 4 | G22: No | H22: 0-4,999 | I22: Westminster (92655) | J22: $0-$4,999 | K22: No | L22: No | M22: No | N22: Yes | O22: =INDEX(CoverageTable[Deductible Applies],MATCH(Table1820[[#This Row],[Coverage]],CoverageTable[Coverage],0)) -> Yes | P22: =INDEX(CoverageTable[Coverage Limit Applies],MATCH(Table1820[[#This Row],[Coverage]],CoverageTable[Coverage],0)) -> No | Q22: Yes (Low) | R22: No | S22: No | T22: No | U22: No | V22: Yes | W22: No | X22: 1197.4025 | Y22: =_xlfn.XLOOKUP(Table1820[[#This Row],[Coverage]],CoverageTable[Coverage],CoverageTable[Base Rate],,0) -> 453 | Z22: =INDEX(Table16[Ageband Factor],MATCH(Table1820[[#This Row],[Ageband]],Table16[Ageband],0)) -> 1.32 | AA22: =VLOOKUP(Table1820[[#This Row],[Years Driving]],Table1[],2) -> 1.64 | AB22: =_xlfn.XLOOKUP(Table1820[[#This Row],[At Fault Accidents]],Table2[At Fault Accidents],Table2[At Fault Accident Factor],,0) -> 2.12 | AC22: =_xlfn.XLOOKUP(Table1820[[#This Row],[Usage-Based Insurance]],Table3[Usage-Based Insurance],Table3[Usage-Based Insurance Discount],,0) -> 1 | AD22: =_xlfn.XLOOKUP(Table1820[[#This Row],[Yearly Miles]],Table4[Yearly Miles],Table4[Yearly Miles Factor],,0) -> 0.82 | AE22: =_xlfn.XLOOKUP(Table1820[[#This Row],[City/Zip Code]],Table5[City/Zip Code],Table5[City/Zip Code Factor],,0) -> 1.09 | AF22: =_xlfn.XLOOKUP(Table1820[[#This Row],[Vehicle Price]],Table6[Vehicle Price],Table6[Vehicle Price Factor]) -> 0.82 | AG22: =_xlfn.XLOOKUP(Table1820[[#This Row],[Exotic Car]],Table7[Exotic Car],Table7[Exotic Car Factor],,0) -> 1 | AH22: =_xlfn.XLOOKUP(Table1820[[#This Row],[Difficult Parts]],Table8[Difficult Parts],Table8[Difficult Parts Factor],,0) -> 1 | AI22: =_xlfn.XLOOKUP(Table1820[[#This Row],[High Theft Rate]],Table9[High Theft Rate],Table9[High Theft Rate Factor],,0) -> 1 | AJ22: =_xlfn.XLOOKUP(Table1820[[#This Row],[Advanced Safety Features]],Table10[Advanced Safety Features],Table10[Advanced Safety Features Factor],,0) -> 0.88 | AK22: =_xlfn.XLOOKUP(Table1820[[#This Row],[Deductible]],Table12[Deductible],Table12[Deductible Factor],,0) -> 0.95 | AL22: =_xlfn.XLOOKUP(Table1820[[#This Row],[Coverage Limit]],Table13[Coverage Limit],Table13[Coverage Limit Factor],,0) -> 1 | AM22: =IF(Table1820[[#This Row],[Good Student Discount]]="Yes",'Rate Book'!$D$126,1) -> 1 | AN22: =IF(Table1820[[#This Row],[Good Driver Discount]]="Yes",'Rate Book'!$D$127,1) -> 1 | AO22: =IF(Table1820[[#This Row],[Multi Policy Discount]]="Yes",'Rate Book'!$D$128,1) -> 1 | AP22: =IF(Table1820[[#This Row],[Loyal Customer Discount]]="Yes",'Rate Book'!$D$129,1) -> 0.94 | AQ22: =IF(Table1820[[#This Row],[Organization Discount]]="Yes",'Rate Book'!$D$130,1) -> 1 | AR22: {=IF(Table1820[[#This Row],[Effective Date]]>=RateChangeTable[Effective Date],RateChangeTable[Rate Change Factor],1)} -> 1 | AS22: =PRODUCT(Table1820[[#This Row],[Base Rate]:[Rate Change Factor]]) -> 1197.4025 | AT22: =Table1820[[#This Row],[System-Generated Premium]]-Table1820[[#This Row],[Expected Premium]] -> 0 | AU22: =IF(Table1820[[#This Row],[Difference]]=0,"PASS","FAIL") -> PASS | AV22: =ABS(Table1820[[#This Row],[Difference]]) -> 0 | AW22: No Issue
A23: P0022 | B23: 45961 | C23: Collision | D23: 65+ | E23: 7 | F23: 3 | G23: Yes (Low Score) | H23: 13,500-16,999 | I23: Compton (90220) | J23: $45,000-$84,999 | K23: No | L23: No | M23: Yes | N23: Yes | O23: =INDEX(CoverageTable[Deductible Applies],MATCH(Table1820[[#This Row],[Coverage]],CoverageTable[Coverage],0)) -> Yes | P23: =INDEX(CoverageTable[Coverage Limit Applies],MATCH(Table1820[[#This Row],[Coverage]],CoverageTable[Coverage],0)) -> No | Q23: Yes (Low) | R23: No | S23: No | T23: Yes | U23: No | V23: No | W23: No | X23: 2357.1165 | Y23: =_xlfn.XLOOKUP(Table1820[[#This Row],[Coverage]],CoverageTable[Coverage],CoverageTable[Base Rate],,0) -> 453 | Z23: =INDEX(Table16[Ageband Factor],MATCH(Table1820[[#This Row],[Ageband]],Table16[Ageband],0)) -> 1.27 | AA23: =VLOOKUP(Table1820[[#This Row],[Years Driving]],Table1[],2) -> 0.95 | AB23: =_xlfn.XLOOKUP(Table1820[[#This Row],[At Fault Accidents]],Table2[At Fault Accidents],Table2[At Fault Accident Factor],,0) -> 1.82 | AC23: =_xlfn.XLOOKUP(Table1820[[#This Row],[Usage-Based Insurance]],Table3[Usage-Based Insurance],Table3[Usage-Based Insurance Discount],,0) -> 0.95 | AD23: =_xlfn.XLOOKUP(Table1820[[#This Row],[Yearly Miles]],Table4[Yearly Miles],Table4[Yearly Miles Factor],,0) -> 1.18 | AE23: =_xlfn.XLOOKUP(Table1820[[#This Row],[City/Zip Code]],Table5[City/Zip Code],Table5[City/Zip Code Factor],,0) -> 1.56 | AF23: =_xlfn.XLOOKUP(Table1820[[#This Row],[Vehicle Price]],Table6[Vehicle Price],Table6[Vehicle Price Factor]) -> 1.57 | AG23: =_xlfn.XLOOKUP(Table1820[[#This Row],[Exotic Car]],Table7[Exotic Car],Table7[Exotic Car Factor],,0) -> 1 | AH23: =_xlfn.XLOOKUP(Table1820[[#This Row],[Difficult Parts]],Table8[Difficult Parts],Table8[Difficult Parts Factor],,0) -> 1 | AI23: =_xlfn.XLOOKUP(Table1820[[#This Row],[High Theft Rate]],Table9[High Theft Rate],Table9[High Theft Rate Factor],,0) -> 1.16 | AJ23: =_xlfn.XLOOKUP(Table1820[[#This Row],[Advanced Safety Features]],Table10[Advanced Safety Features],Table10[Advanced Safety Features Factor],,0) -> 0.88 | AK23: =_xlfn.XLOOKUP(Table1820[[#This Row],[Deductible]],Table12[Deductible],Table12[Deductible Factor],,0) -> 0.95 | AL23: =_xlfn.XLOOKUP(Table1820[[#This Row],[Coverage Limit]],Table13[Coverage Limit],Table13[Coverage Limit Factor],,0) -> 1 | AM23: =IF(Table1820[[#This Row],[Good Student Discount]]="Yes",'Rate Book'!$D$126,1) -> 1 | AN23: =IF(Table1820[[#This Row],[Good Driver Discount]]="Yes",'Rate Book'!$D$127,1) -> 0.89 | AO23: =IF(Table1820[[#This Row],[Multi Policy Discount]]="Yes",'Rate Book'!$D$128,1) -> 1 | AP23: =IF(Table1820[[#This Row],[Loyal Customer Discount]]="Yes",'Rate Book'!$D$129,1) -> 1 | AQ23: =IF(Table1820[[#This Row],[Organization Discount]]="Yes",'Rate Book'!$D$130,1) -> 1 | AR23: {=IF(Table1820[[#This Row],[Effective Date]]>=RateChangeTable[Effective Date],RateChangeTable[Rate Change Factor],1)} -> 1 | AS23: =PRODUCT(Table1820[[#This Row],[Base Rate]:[Rate Change Factor]]) -> 2357.1165 | AT23: =Table1820[[#This Row],[System-Generated Premium]]-Table1820[[#This Row],[Expected Premium]] -> 0 | AU23: =IF(Table1820[[#This Row],[Difference]]=0,"PASS","FAIL") -> PASS | AV23: =ABS(Table1820[[#This Row],[Difference]]) -> 0 | AW23: No Issue
A24: P0023 | B24: 45867 | C24: Collision | D24: 25-34 | E24: 2 | F24: 0 | G24: No | H24: 0-4,999 | I24: Fullerton (92832) | J24: $25,000-$44,999 | K24: No | L24: No | M24: No | N24: No | O24: =INDEX(CoverageTable[Deductible Applies],MATCH(Table1820[[#This Row],[Coverage]],CoverageTable[Coverage],0)) -> Yes | P24: =INDEX(CoverageTable[Coverage Limit Applies],MATCH(Table1820[[#This Row],[Coverage]],CoverageTable[Coverage],0)) -> No | Q24: Yes (Low) | R24: No | S24: No | T24: Yes | U24: Yes | V24: No | W24: No | X24: 726.20767 | Y24: =_xlfn.XLOOKUP(Table1820[[#This Row],[Coverage]],CoverageTable[Coverage],CoverageTable[Base Rate],,0) -> 453 | Z24: =INDEX(Table16[Ageband Factor],MATCH(Table1820[[#This Row],[Ageband]],Table16[Ageband],0)) -> 1.23 | AA24: =VLOOKUP(Table1820[[#This Row],[Years Driving]],Table1[],2) -> 1.41 | AB24: =_xlfn.XLOOKUP(Table1820[[#This Row],[At Fault Accidents]],Table2[At Fault Accidents],Table2[At Fault Accident Factor],,0) -> 1 | AC24: =_xlfn.XLOOKUP(Table1820[[#This Row],[Usage-Based Insurance]],Table3[Usage-Based Insurance],Table3[Usage-Based Insurance Discount],,0) -> 1 | AD24: =_xlfn.XLOOKUP(Table1820[[#This Row],[Yearly Miles]],Table4[Yearly Miles],Table4[Yearly Miles Factor],,0) -> 0.82 | AE24: =_xlfn.XLOOKUP(Table1820[[#This Row],[City/Zip Code]],Table5[City/Zip Code],Table5[City/Zip Code Factor],,0) -> 1.12 | AF24: =_xlfn.XLOOKUP(Table1820[[#This Row],[Vehicle Price]],Table6[Vehicle Price],Table6[Vehicle Price Factor]) -> 1.28 | AG24: =_xlfn.XLOOKUP(Table1820[[#This Row],[Exotic Car]],Table7[Exotic Car],Table7[Exotic Car Factor],,0) -> 1 | AH24: =_xlfn.XLOOKUP(Table1820[[#This Row],[Difficult Parts]],Table8[Difficult Parts],Table8[Difficult Parts Factor],,0) -> 1 | AI24: =_xlfn.XLOOKUP(Table1820[[#This Row],[High Theft Rate]],Table9[High Theft Rate],Table9[High Theft Rate Factor],,0) -> 1 | AJ24: =_xlfn.XLOOKUP(Table1820[[#This Row],[Advanced Safety Features]],Table10[Advanced Safety Features],Table10[Advanced Safety Features Factor],,0) -> 1 | AK24: =_xlfn.XLOOKUP(Table1820[[#This Row],[Deductible]],Table12[Deductible],Table12[Deductible Factor],,0) -> 0.95 | AL24: =_xlfn.XLOOKUP(Table1820[[#This Row],[Coverage Limit]],Table13[Coverage Limit],Table13[Coverage Limit Factor],,0) -> 1 | AM24: =IF(Table1820[[#This Row],[Good Student Discount]]="Yes",'Rate Book'!$D$126,1) -> 1 | AN24: =IF(Table1820[[#This Row],[Good Driver Discount]]="Yes",'Rate Book'!$D$127,1) -> 0.89 | AO24: =IF(Table1820[[#This Row],[Multi Policy Discount]]="Yes",'Rate Book'!$D$128,1) -> 0.93 | AP24: =IF(Table1820[[#This Row],[Loyal Customer Discount]]="Yes",'Rate Book'!$D$129,1) -> 1 | AQ24: =IF(Table1820[[#This Row],[Organization Discount]]="Yes",'Rate Book'!$D$130,1) -> 1 | AR24: {=IF(Table1820[[#This Row],[Effective Date]]>=RateChangeTable[Effective Date],RateChangeTable[Rate Change Factor],1)} -> 1 | AS24: =PRODUCT(Table1820[[#This Row],[Base Rate]:[Rate Change Factor]]) -> 726.20767 | AT24: =Table1820[[#This Row],[System-Generated Premium]]-Table1820[[#This Row],[Expected Premium]] -> 0 | AU24: =IF(Table1820[[#This Row],[Difference]]=0,"PASS","FAIL") -> PASS | AV24: =ABS(Table1820[[#This Row],[Difference]]) -> 0 | AW24: No Issue
A25: P0024 | B25: 45824 | C25: Collision | D25: 65+ | E25: 1 | F25: 0 | G25: No | H25: 13,500-16,999 | I25: Westminster (92655) | J25: $45,000-$84,999 | K25: No | L25: No | M25: Yes | N25: No | O25: =INDEX(CoverageTable[Deductible Applies],MATCH(Table1820[[#This Row],[Coverage]],CoverageTable[Coverage],0)) -> Yes | P25: =INDEX(CoverageTable[Coverage Limit Applies],MATCH(Table1820[[#This Row],[Coverage]],CoverageTable[Coverage],0)) -> No | Q25: Yes (Medium) | R25: No | S25: No | T25: No | U25: No | V25: No | W25: No | X25: 1856.484 | Y25: =_xlfn.XLOOKUP(Table1820[[#This Row],[Coverage]],CoverageTable[Coverage],CoverageTable[Base Rate],,0) -> 453 | Z25: =INDEX(Table16[Ageband Factor],MATCH(Table1820[[#This Row],[Ageband]],Table16[Ageband],0)) -> 1.27 | AA25: =VLOOKUP(Table1820[[#This Row],[Years Driving]],Table1[],2) -> 1.64 | AB25: =_xlfn.XLOOKUP(Table1820[[#This Row],[At Fault Accidents]],Table2[At Fault Accidents],Table2[At Fault Accident Factor],,0) -> 1 | AC25: =_xlfn.XLOOKUP(Table1820[[#This Row],[Usage-Based Insurance]],Table3[Usage-Based Insurance],Table3[Usage-Based Insurance Discount],,0) -> 1 | AD25: =_xlfn.XLOOKUP(Table1820[[#This Row],[Yearly Miles]],Table4[Yearly Miles],Table4[Yearly Miles Factor],,0) -> 1.18 | AE25: =_xlfn.XLOOKUP(Table1820[[#This Row],[City/Zip Code]],Table5[City/Zip Code],Table5[City/Zip Code Factor],,0) -> 1.09 | AF25: =_xlfn.XLOOKUP(Table1820[[#This Row],[Vehicle Price]],Table6[Vehicle Price],Table6[Vehicle Price Factor]) -> 1.57 | AG25: =_xlfn.XLOOKUP(Table1820[[#This Row],[Exotic Car]],Table7[Exotic Car],Table7[Exotic Car Factor],,0) -> 1 | AH25: =_xlfn.XLOOKUP(Table1820[[#This Row],[Difficult Parts]],Table8[Difficult Parts],Table8[Difficult Parts Factor],,0) -> 1 | AI25: =_xlfn.XLOOKUP(Table1820[[#This Row],[High Theft Rate]],Table9[High Theft Rate],Table9[High Theft Rate Factor],,0) -> 1.16 | AJ25: =_xlfn.XLOOKUP(Table1820[[#This Row],[Advanced Safety Features]],Table10[Advanced Safety Features],Table10[Advanced Safety Features Factor],,0) -> 1 | AK25: =_xlfn.XLOOKUP(Table1820[[#This Row],[Deductible]],Table12[Deductible],Table12[Deductible Factor],,0) -> 0.84 | AL25: =_xlfn.XLOOKUP(Table1820[[#This Row],[Coverage Limit]],Table13[Coverage Limit],Table13[Coverage Limit Factor],,0) -> 1 | AM25: =IF(Table1820[[#This Row],[Good Student Discount]]="Yes",'Rate Book'!$D$126,1) -> 1 | AN25: =IF(Table1820[[#This Row],[Good Driver Discount]]="Yes",'Rate Book'!$D$127,1) -> 1 | AO25: =IF(Table1820[[#This Row],[Multi Policy Discount]]="Yes",'Rate Book'!$D$128,1) -> 1 | AP25: =IF(Table1820[[#This Row],[Loyal Customer Discount]]="Yes",'Rate Book'!$D$129,1) -> 1 | AQ25: =IF(Table1820[[#This Row],[Organization Discount]]="Yes",'Rate Book'!$D$130,1) -> 1 | AR25: {=IF(Table1820[[#This Row],[Effective Date]]>=RateChangeTable[Effective Date],RateChangeTable[Rate Change Factor],1)} -> 1 | AS25: =PRODUCT(Table1820[[#This Row],[Base Rate]:[Rate Change Factor]]) -> 1856.484 | AT25: =Table1820[[#This Row],[System-Generated Premium]]-Table1820[[#This Row],[Expected Premium]] -> 0 | AU25: =IF(Table1820[[#This Row],[Difference]]=0,"PASS","FAIL") -> PASS | AV25: =ABS(Table1820[[#This Row],[Difference]]) -> 0 | AW25: No Issue
A26: P0025 | B26: 45861 | C26: Collision | D26: 45-54 | E26: 1 | F26: 0 | G26: Yes (High Score) | H26: 8,500-13,499 | I26: Lake Forrest (92609) | J26: $25,000-$44,999 | K26: No | L26: No | M26: No | N26: Yes | O26: =INDEX(CoverageTable[Deductible Applies],MATCH(Table1820[[#This Row],[Coverage]],CoverageTable[Coverage],0)) -> Yes | P26: =INDEX(CoverageTable[Coverage Limit Applies],MATCH(Table1820[[#This Row],[Coverage]],CoverageTable[Coverage],0)) -> No | Q26: Yes (High) | R26: No | S26: No | T26: No | U26: No | V26: No | W26: No | X26: 398.0961 | Y26: =_xlfn.XLOOKUP(Table1820[[#This Row],[Coverage]],CoverageTable[Coverage],CoverageTable[Base Rate],,0) -> 453 | Z26: =INDEX(Table16[Ageband Factor],MATCH(Table1820[[#This Row],[Ageband]],Table16[Ageband],0)) -> 1.07 | AA26: =VLOOKUP(Table1820[[#This Row],[Years Driving]],Table1[],2) -> 1.64 | AB26: =_xlfn.XLOOKUP(Table1820[[#This Row],[At Fault Accidents]],Table2[At Fault Accidents],Table2[At Fault Accident Factor],,0) -> 1 | AC26: =_xlfn.XLOOKUP(Table1820[[#This Row],[Usage-Based Insurance]],Table3[Usage-Based Insurance],Table3[Usage-Based Insurance Discount],,0) -> 0.65 | AD26: =_xlfn.XLOOKUP(Table1820[[#This Row],[Yearly Miles]],Table4[Yearly Miles],Table4[Yearly Miles Factor],,0) -> 1 | AE26: =_xlfn.XLOOKUP(Table1820[[#This Row],[City/Zip Code]],Table5[City/Zip Code],Table5[City/Zip Code Factor],,0) -> 0.95 | AF26: =_xlfn.XLOOKUP(Table1820[[#This Row],[Vehicle Price]],Table6[Vehicle Price],Table6[Vehicle Price Factor]) -> 1.28 | AG26: =_xlfn.XLOOKUP(Table1820[[#This Row],[Exotic Car]],Table7[Exotic Car],Table7[Exotic Car Factor],,0) -> 1 | AH26: =_xlfn.XLOOKUP(Table1820[[#This Row],[Difficult Parts]],Table8[Difficult Parts],Table8[Difficult Parts Factor],,0) -> 1 | AI26: =_xlfn.XLOOKUP(Table1820[[#This Row],[High Theft Rate]],Table9[High Theft Rate],Table9[High Theft Rate Factor],,0) -> 1 | AJ26: =_xlfn.XLOOKUP(Table1820[[#This Row],[Advanced Safety Features]],Table10[Advanced Safety Features],Table10[Advanced Safety Features Factor],,0) -> 0.88 | AK26: =_xlfn.XLOOKUP(Table1820[[#This Row],[Deductible]],Table12[Deductible],Table12[Deductible Factor],,0) -> 0.72 | AL26: =_xlfn.XLOOKUP(Table1820[[#This Row],[Coverage Limit]],Table13[Coverage Limit],Table13[Coverage Limit Factor],,0) -> 1 | AM26: =IF(Table1820[[#This Row],[Good Student Discount]]="Yes",'Rate Book'!$D$126,1) -> 1 | AN26: =IF(Table1820[[#This Row],[Good Driver Discount]]="Yes",'Rate Book'!$D$127,1) -> 1 | AO26: =IF(Table1820[[#This Row],[Multi Policy Discount]]="Yes",'Rate Book'!$D$128,1) -> 1 | AP26: =IF(Table1820[[#This Row],[Loyal Customer Discount]]="Yes",'Rate Book'!$D$129,1) -> 1 | AQ26: =IF(Table1820[[#This Row],[Organization Discount]]="Yes",'Rate Book'!$D$130,1) -> 1 | AR26: {=IF(Table1820[[#This Row],[Effective Date]]>=RateChangeTable[Effective Date],RateChangeTable[Rate Change Factor],1)} -> 1 | AS26: =PRODUCT(Table1820[[#This Row],[Base Rate]:[Rate Change Factor]]) -> 398.0961 | AT26: =Table1820[[#This Row],[System-Generated Premium]]-Table1820[[#This Row],[Expected Premium]] -> 0 | AU26: =IF(Table1820[[#This Row],[Difference]]=0,"PASS","FAIL") -> PASS | AV26: =ABS(Table1820[[#This Row],[Difference]]) -> 0 | AW26: No Issue
A27: P0026 | B27: 46043 | C27: Collision | D27: 65+ | E27: 2 | F27: 3 | G27: No | H27: 5,000-8,499 | I27: Culver City (90066) | J27: $150,000+ | K27: No | L27: Yes | M27: No | N27: Yes | O27: =INDEX(CoverageTable[Deductible Applies],MATCH(Table1820[[#This Row],[Coverage]],CoverageTable[Coverage],0)) -> Yes | P27: =INDEX(CoverageTable[Coverage Limit Applies],MATCH(Table1820[[#This Row],[Coverage]],CoverageTable[Coverage],0)) -> No | Q27: Yes (Low) | R27: No | S27: Yes | T27: No | U27: No | V27: No | W27: No | X27: 4470.3389 | Y27: =_xlfn.XLOOKUP(Table1820[[#This Row],[Coverage]],CoverageTable[Coverage],CoverageTable[Base Rate],,0) -> 453 | Z27: =INDEX(Table16[Ageband Factor],MATCH(Table1820[[#This Row],[Ageband]],Table16[Ageband],0)) -> 1.27 | AA27: =VLOOKUP(Table1820[[#This Row],[Years Driving]],Table1[],2) -> 1.41 | AB27: =_xlfn.XLOOKUP(Table1820[[#This Row],[At Fault Accidents]],Table2[At Fault Accidents],Table2[At Fault Accident Factor],,0) -> 1.82 | AC27: =_xlfn.XLOOKUP(Table1820[[#This Row],[Usage-Based Insurance]],Table3[Usage-Based Insurance],Table3[Usage-Based Insurance Discount],,0) -> 1 | AD27: =_xlfn.XLOOKUP(Table1820[[#This Row],[Yearly Miles]],Table4[Yearly Miles],Table4[Yearly Miles Factor],,0) -> 0.93 | AE27: =_xlfn.XLOOKUP(Table1820[[#This Row],[City/Zip Code]],Table5[City/Zip Code],Table5[City/Zip Code Factor],,0) -> 1.15 | AF27: =_xlfn.XLOOKUP(Table1820[[#This Row],[Vehicle Price]],Table6[Vehicle Price],Table6[Vehicle Price Factor]) -> 2.87 | AG27: =_xlfn.XLOOKUP(Table1820[[#This Row],[Exotic Car]],Table7[Exotic Car],Table7[Exotic Car Factor],,0) -> 1 | AH27: =_xlfn.XLOOKUP(Table1820[[#This Row],[Difficult Parts]],Table8[Difficult Parts],Table8[Difficult Parts Factor],,0) -> 1.21 | AI27: =_xlfn.XLOOKUP(Table1820[[#This Row],[High Theft Rate]],Table9[High Theft Rate],Table9[High Theft Rate Factor],,0) -> 1 | AJ27: =_xlfn.XLOOKUP(Table1820[[#This Row],[Advanced Safety Features]],Table10[Advanced Safety Features],Table10[Advanced Safety Features Factor],,0) -> 0.88 | AK27: =_xlfn.XLOOKUP(Table1820[[#This Row],[Deductible]],Table12[Deductible],Table12[Deductible Factor],,0) -> 0.95 | AL27: =_xlfn.XLOOKUP(Table1820[[#This Row],[Coverage Limit]],Table13[Coverage Limit],Table13[Coverage Limit Factor],,0) -> 1 | AM27: =IF(Table1820[[#This Row],[Good Student Discount]]="Yes",'Rate Book'!$D$126,1) -> 0.92 | AN27: =IF(Table1820[[#This Row],[Good Driver Discount]]="Yes",'Rate Book'!$D$127,1) -> 1 | AO27: =IF(Table1820[[#This Row],[Multi Policy Discount]]="Yes",'Rate Book'!$D$128,1) -> 1 | AP27: =IF(Table1820[[#This Row],[Loyal Customer Discount]]="Yes",'Rate Book'!$D$129,1) -> 1 | AQ27: =IF(Table1820[[#This Row],[Organization Discount]]="Yes",'Rate Book'!$D$130,1) -> 1 | AR27: {=IF(Table1820[[#This Row],[Effective Date]]>=RateChangeTable[Effective Date],RateChangeTable[Rate Change Factor],1)} -> 1.06 | AS27: =PRODUCT(Table1820[[#This Row],[Base Rate]:[Rate Change Factor]]) -> 4470.3389 | AT27: =Table1820[[#This Row],[System-Generated Premium]]-Table1820[[#This Row],[Expected Premium]] -> 0 | AU27: =IF(Table1820[[#This Row],[Difference]]=0,"PASS","FAIL") -> PASS | AV27: =ABS(Table1820[[#This Row],[Difference]]) -> 0 | AW27: No Issue
A28: P0027 | B28: 45927 | C28: Liability | D28: 35-44 | E28: 8+ | F28: 2 | G28: Yes (High Score) | H28: 5,000-8,499 | I28: Silverlake (90026 ) | J28: $5,000-$14,999 | K28: No | L28: No | M28: No | N28: Yes | O28: =INDEX(CoverageTable[Deductible Applies],MATCH(Table1820[[#This Row],[Coverage]],CoverageTable[Coverage],0)) -> No | P28: =INDEX(CoverageTable[Coverage Limit Applies],MATCH(Table1820[[#This Row],[Coverage]],CoverageTable[Coverage],0)) -> Yes | Q28: No | R28: Yes (High) | S28: No | T28: No | U28: Yes | V28: No | W28: No | X28: 419.2528 | Y28: =_xlfn.XLOOKUP(Table1820[[#This Row],[Coverage]],CoverageTable[Coverage],CoverageTable[Base Rate],,0) -> 622 | Z28: =INDEX(Table16[Ageband Factor],MATCH(Table1820[[#This Row],[Ageband]],Table16[Ageband],0)) -> 1 | AA28: =VLOOKUP(Table1820[[#This Row],[Years Driving]],Table1[],2) -> 0.93 | AB28: =_xlfn.XLOOKUP(Table1820[[#This Row],[At Fault Accidents]],Table2[At Fault Accidents],Table2[At Fault Accident Factor],,0) -> 1.55 | AC28: =_xlfn.XLOOKUP(Table1820[[#This Row],[Usage-Based Insurance]],Table3[Usage-Based Insurance],Table3[Usage-Based Insurance Discount],,0) -> 0.65 | AD28: =_xlfn.XLOOKUP(Table1820[[#This Row],[Yearly Miles]],Table4[Yearly Miles],Table4[Yearly Miles Factor],,0) -> 0.93 | AE28: =_xlfn.XLOOKUP(Table1820[[#This Row],[City/Zip Code]],Table5[City/Zip Code],Table5[City/Zip Code Factor],,0) -> 1.16 | AF28: =_xlfn.XLOOKUP(Table1820[[#This Row],[Vehicle Price]],Table6[Vehicle Price],Table6[Vehicle Price Factor]) -> 0.97 | AG28: =_xlfn.XLOOKUP(Table1820[[#This Row],[Exotic Car]],Table7[Exotic Car],Table7[Exotic Car Factor],,0) -> 1 | AH28: =_xlfn.XLOOKUP(Table1820[[#This Row],[Difficult Parts]],Table8[Difficult Parts],Table8[Difficult Parts Factor],,0) -> 1 | AI28: =_xlfn.XLOOKUP(Table1820[[#This Row],[High Theft Rate]],Table9[High Theft Rate],Table9[High Theft Rate Factor],,0) -> 1 | AJ28: =_xlfn.XLOOKUP(Table1820[[#This Row],[Advanced Safety Features]],Table10[Advanced Safety Features],Table10[Advanced Safety Features Factor],,0) -> 0.88 | AK28: =_xlfn.XLOOKUP(Table1820[[#This Row],[Deductible]],Table12[Deductible],Table12[Deductible Factor],,0) -> 1 | AL28: =_xlfn.XLOOKUP(Table1820[[#This Row],[Coverage Limit]],Table13[Coverage Limit],Table13[Coverage Limit Factor],,0) -> 0.84 | AM28: =IF(Table1820[[#This Row],[Good Student Discount]]="Yes",'Rate Book'!$D$126,1) -> 1 | AN28: =IF(Table1820[[#This Row],[Good Driver Discount]]="Yes",'Rate Book'!$D$127,1) -> 1 | AO28: =IF(Table1820[[#This Row],[Multi Policy Discount]]="Yes",'Rate Book'!$D$128,1) -> 0.93 | AP28: =IF(Table1820[[#This Row],[Loyal Customer Discount]]="Yes",'Rate Book'!$D$129,1) -> 1 | AQ28: =IF(Table1820[[#This Row],[Organization Discount]]="Yes",'Rate Book'!$D$130,1) -> 1 | AR28: {=IF(Table1820[[#This Row],[Effective Date]]>=RateChangeTable[Effective Date],RateChangeTable[Rate Change Factor],1)} -> 1 | AS28: =PRODUCT(Table1820[[#This Row],[Base Rate]:[Rate Change Factor]]) -> 419.2528 | AT28: =Table1820[[#This Row],[System-Generated Premium]]-Table1820[[#This Row],[Expected Premium]] -> 0 | AU28: =IF(Table1820[[#This Row],[Difference]]=0,"PASS","FAIL") -> PASS | AV28: =ABS(Table1820[[#This Row],[Difference]]) -> 0 | AW28: No Issue
A29: P0028 | B29: 45799 | C29: Rental Car Reinbursement | D29: 45-54 | E29: 3 | F29: 1 | G29: Yes (Medium Score) | H29: 13,500-16,999 | I29: Hawthorne (90250) | J29: $85,000-$149,999 | K29: No | L29: No | M29: No | N29: No | O29: =INDEX(CoverageTable[Deductible Applies],MATCH(Table1820[[#This Row],[Coverage]],CoverageTable[Coverage],0)) -> No | P29: =INDEX(CoverageTable[Coverage Limit Applies],MATCH(Table1820[[#This Row],[Coverage]],CoverageTable[Coverage],0)) -> Yes | Q29: No | R29: Yes (High) | S29: No | T29: No | U29: No | V29: No | W29: Yes | X29: 121.45996 | Y29: =_xlfn.XLOOKUP(Table1820[[#This Row],[Coverage]],CoverageTable[Coverage],CoverageTable[Base Rate],,0) -> 41 | Z29: =INDEX(Table16[Ageband Factor],MATCH(Table1820[[#This Row],[Ageband]],Table16[Ageband],0)) -> 1.07 | AA29: =VLOOKUP(Table1820[[#This Row],[Years Driving]],Table1[],2) -> 1.22 | AB29: =_xlfn.XLOOKUP(Table1820[[#This Row],[At Fault Accidents]],Table2[At Fault Accidents],Table2[At Fault Accident Factor],,0) -> 1.34 | AC29: =_xlfn.XLOOKUP(Table1820[[#This Row],[Usage-Based Insurance]],Table3[Usage-Based Insurance],Table3[Usage-Based Insurance Discount],,0) -> 0.8 | AD29: =_xlfn.XLOOKUP(Table1820[[#This Row],[Yearly Miles]],Table4[Yearly Miles],Table4[Yearly Miles Factor],,0) -> 1.18 | AE29: =_xlfn.XLOOKUP(Table1820[[#This Row],[City/Zip Code]],Table5[City/Zip Code],Table5[City/Zip Code Factor],,0) -> 1.09 | AF29: =_xlfn.XLOOKUP(Table1820[[#This Row],[Vehicle Price]],Table6[Vehicle Price],Table6[Vehicle Price Factor]) -> 2.02 | AG29: =_xlfn.XLOOKUP(Table1820[[#This Row],[Exotic Car]],Table7[Exotic Car],Table7[Exotic Car Factor],,0) -> 1 | AH29: =_xlfn.XLOOKUP(Table1820[[#This Row],[Difficult Parts]],Table8[Difficult Parts],Table8[Difficult Parts Factor],,0) -> 1 | AI29: =_xlfn.XLOOKUP(Table1820[[#This Row],[High Theft Rate]],Table9[High Theft Rate],Table9[High Theft Rate Factor],,0) -> 1 | AJ29: =_xlfn.XLOOKUP(Table1820[[#This Row],[Advanced Safety Features]],Table10[Advanced Safety Features],Table10[Advanced Safety Features Factor],,0) -> 1 | AK29: =_xlfn.XLOOKUP(Table1820[[#This Row],[Deductible]],Table12[Deductible],Table12[Deductible Factor],,0) -> 1 | AL29: =_xlfn.XLOOKUP(Table1820[[#This Row],[Coverage Limit]],Table13[Coverage Limit],Table13[Coverage Limit Factor],,0) -> 0.84 | AM29: =IF(Table1820[[#This Row],[Good Student Discount]]="Yes",'Rate Book'!$D$126,1) -> 1 | AN29: =IF(Table1820[[#This Row],[Good Driver Discount]]="Yes",'Rate Book'!$D$127,1) -> 1 | AO29: =IF(Table1820[[#This Row],[Multi Policy Discount]]="Yes",'Rate Book'!$D$128,1) -> 1 | AP29: =IF(Table1820[[#This Row],[Loyal Customer Discount]]="Yes",'Rate Book'!$D$129,1) -> 1 | AQ29: =IF(Table1820[[#This Row],[Organization Discount]]="Yes",'Rate Book'!$D$130,1) -> 0.97 | AR29: {=IF(Table1820[[#This Row],[Effective Date]]>=RateChangeTable[Effective Date],RateChangeTable[Rate Change Factor],1)} -> 1 | AS29: =PRODUCT(Table1820[[#This Row],[Base Rate]:[Rate Change Factor]]) -> 121.45996 | AT29: =Table1820[[#This Row],[System-Generated Premium]]-Table1820[[#This Row],[Expected Premium]] -> 0 | AU29: =IF(Table1820[[#This Row],[Difference]]=0,"PASS","FAIL") -> PASS | AV29: =ABS(Table1820[[#This Row],[Difference]]) -> 0 | AW29: No Issue
A30: P0029 | B30: 45819 | C30: Rental Car Reinbursement | D30: 25-34 | E30: 5 | F30: 2 | G30: Yes (Low Score) | H30: 13,500-16,999 | I30: Beverly Hills (90035) | J30: $25,000-$44,999 | K30: No | L30: No | M30: No | N30: No | O30: =INDEX(CoverageTable[Deductible Applies],MATCH(Table1820[[#This Row],[Coverage]],CoverageTable[Coverage],0)) -> No | P30: =INDEX(CoverageTable[Coverage Limit Applies],MATCH(Table1820[[#This Row],[Coverage]],CoverageTable[Coverage],0)) -> Yes | Q30: No | R30: Yes (High) | S30: No | T30: No | U30: No | V30: No | W30: No | X30: 121.97889 | Y30: =_xlfn.XLOOKUP(Table1820[[#This Row],[Coverage]],CoverageTable[Coverage],CoverageTable[Base Rate],,0) -> 41 | Z30: =INDEX(Table16[Ageband Factor],MATCH(Table1820[[#This Row],[Ageband]],Table16[Ageband],0)) -> 1.23 | AA30: =VLOOKUP(Table1820[[#This Row],[Years Driving]],Table1[],2) -> 1.07 | AB30: =_xlfn.XLOOKUP(Table1820[[#This Row],[At Fault Accidents]],Table2[At Fault Accidents],Table2[At Fault Accident Factor],,0) -> 1.55 | AC30: =_xlfn.XLOOKUP(Table1820[[#This Row],[Usage-Based Insurance]],Table3[Usage-Based Insurance],Table3[Usage-Based Insurance Discount],,0) -> 0.95 | AD30: =_xlfn.XLOOKUP(Table1820[[#This Row],[Yearly Miles]],Table4[Yearly Miles],Table4[Yearly Miles Factor],,0) -> 1.18 | AE30: =_xlfn.XLOOKUP(Table1820[[#This Row],[City/Zip Code]],Table5[City/Zip Code],Table5[City/Zip Code Factor],,0) -> 1.21 | AF30: =_xlfn.XLOOKUP(Table1820[[#This Row],[Vehicle Price]],Table6[Vehicle Price],Table6[Vehicle Price Factor]) -> 1.28 | AG30: =_xlfn.XLOOKUP(Table1820[[#This Row],[Exotic Car]],Table7[Exotic Car],Table7[Exotic Car Factor],,0) -> 1 | AH30: =_xlfn.XLOOKUP(Table1820[[#This Row],[Difficult Parts]],Table8[Difficult Parts],Table8[Difficult Parts Factor],,0) -> 1 | AI30: =_xlfn.XLOOKUP(Table1820[[#This Row],[High Theft Rate]],Table9[High Theft Rate],Table9[High Theft Rate Factor],,0) -> 1 | AJ30: =_xlfn.XLOOKUP(Table1820[[#This Row],[Advanced Safety Features]],Table10[Advanced Safety Features],Table10[Advanced Safety Features Factor],,0) -> 1 | AK30: =_xlfn.XLOOKUP(Table1820[[#This Row],[Deductible]],Table12[Deductible],Table12[Deductible Factor],,0) -> 1 | AL30: =_xlfn.XLOOKUP(Table1820[[#This Row],[Coverage Limit]],Table13[Coverage Limit],Table13[Coverage Limit Factor],,0) -> 0.84 | AM30: =IF(Table1820[[#This Row],[Good Student Discount]]="Yes",'Rate Book'!$D$126,1) -> 1 | AN30: =IF(Table1820[[#This Row],[Good Driver Discount]]="Yes",'Rate Book'!$D$127,1) -> 1 | AO30: =IF(Table1820[[#This Row],[Multi Policy Discount]]="Yes",'Rate Book'!$D$128,1) -> 1 | AP30: =IF(Table1820[[#This Row],[Loyal Customer Discount]]="Yes",'Rate Book'!$D$129,1) -> 1 | AQ30: =IF(Table1820[[#This Row],[Organization Discount]]="Yes",'Rate Book'!$D$130,1) -> 1 | AR30: {=IF(Table1820[[#This Row],[Effective Date]]>=RateChangeTable[Effective Date],RateChangeTable[Rate Change Factor],1)} -> 1 | AS30: =PRODUCT(Table1820[[#This Row],[Base Rate]:[Rate Change Factor]]) -> 121.97889 | AT30: =Table1820[[#This Row],[System-Generated Premium]]-Table1820[[#This Row],[Expected Premium]] -> 0 | AU30: =IF(Table1820[[#This Row],[Difference]]=0,"PASS","FAIL") -> PASS | AV30: =ABS(Table1820[[#This Row],[Difference]]) -> 0 | AW30: No Issue
A31: P0030 | B31: 45933 | C31: Uninsured Motorist | D31: 25-34 | E31: 3 | F31: 1 | G31: No | H31: 17,000+ | I31: Culver City (90066) | J31: $5,000-$14,999 | K31: No | L31: No | M31: No | N31: Yes | O31: =INDEX(CoverageTable[Deductible Applies],MATCH(Table1820[[#This Row],[Coverage]],CoverageTable[Coverage],0)) -> No | P31: =INDEX(CoverageTable[Coverage Limit Applies],MATCH(Table1820[[#This Row],[Coverage]],CoverageTable[Coverage],0)) -> Yes | Q31: No | R31: Yes (High) | S31: No | T31: No | U31: Yes | V31: No | W31: No | X31: 157.5615 | Y31: =_xlfn.XLOOKUP(Table1820[[#This Row],[Coverage]],CoverageTable[Coverage],CoverageTable[Base Rate],,0) -> 78 | Z31: =INDEX(Table16[Ageband Factor],MATCH(Table1820[[#This Row],[Ageband]],Table16[Ageband],0)) -> 1.23 | AA31: =VLOOKUP(Table1820[[#This Row],[Years Driving]],Table1[],2) -> 1.22 | AB31: =_xlfn.XLOOKUP(Table1820[[#This Row],[At Fault Accidents]],Table2[At Fault Accidents],Table2[At Fault Accident Factor],,0) -> 1.34 | AC31: =_xlfn.XLOOKUP(Table1820[[#This Row],[Usage-Based Insurance]],Table3[Usage-Based Insurance],Table3[Usage-Based Insurance Discount],,0) -> 1 | AD31: =_xlfn.XLOOKUP(Table1820[[#This Row],[Yearly Miles]],Table4[Yearly Miles],Table4[Yearly Miles Factor],,0) -> 1.31 | AE31: =_xlfn.XLOOKUP(Table1820[[#This Row],[City/Zip Code]],Table5[City/Zip Code],Table5[City/Zip Code Factor],,0) -> 1.15 | AF31: =_xlfn.XLOOKUP(Table1820[[#This Row],[Vehicle Price]],Table6[Vehicle Price],Table6[Vehicle Price Factor]) -> 0.97 | AG31: =_xlfn.XLOOKUP(Table1820[[#This Row],[Exotic Car]],Table7[Exotic Car],Table7[Exotic Car Factor],,0) -> 1 | AH31: =_xlfn.XLOOKUP(Table1820[[#This Row],[Difficult Parts]],Table8[Difficult Parts],Table8[Difficult Parts Factor],,0) -> 1 | AI31: =_xlfn.XLOOKUP(Table1820[[#This Row],[High Theft Rate]],Table9[High Theft Rate],Table9[High Theft Rate Factor],,0) -> 1 | AJ31: =_xlfn.XLOOKUP(Table1820[[#This Row],[Advanced Safety Features]],Table10[Advanced Safety Features],Table10[Advanced Safety Features Factor],,0) -> 0.88 | AK31: =_xlfn.XLOOKUP(Table1820[[#This Row],[Deductible]],Table12[Deductible],Table12[Deductible Factor],,0) -> 1 | AL31: =_xlfn.XLOOKUP(Table1820[[#This Row],[Coverage Limit]],Table13[Coverage Limit],Table13[Coverage Limit Factor],,0) -> 0.84 | AM31: =IF(Table1820[[#This Row],[Good Student Discount]]="Yes",'Rate Book'!$D$126,1) -> 1 | AN31: =IF(Table1820[[#This Row],[Good Driver Discount]]="Yes",'Rate Book'!$D$127,1) -> 1 | AO31: =IF(Table1820[[#This Row],[Multi Policy Discount]]="Yes",'Rate Book'!$D$128,1) -> 0.93 | AP31: =IF(Table1820[[#This Row],[Loyal Customer Discount]]="Yes",'Rate Book'!$D$129,1) -> 1 | AQ31: =IF(Table1820[[#This Row],[Organization Discount]]="Yes",'Rate Book'!$D$130,1) -> 1 | AR31: {=IF(Table1820[[#This Row],[Effective Date]]>=RateChangeTable[Effective Date],RateChangeTable[Rate Change Factor],1)} -> 1 | AS31: =PRODUCT(Table1820[[#This Row],[Base Rate]:[Rate Change Factor]]) -> 157.5615 | AT31: =Table1820[[#This Row],[System-Generated Premium]]-Table1820[[#This Row],[Expected Premium]] -> 0 | AU31: =IF(Table1820[[#This Row],[Difference]]=0,"PASS","FAIL") -> PASS | AV31: =ABS(Table1820[[#This Row],[Difference]]) -> 0 | AW31: No Issue
A32: P0031 | B32: 46047 | C32: Liability | D32: 16-24 | E32: 1 | F32: 0 | G32: Yes (Medium Score) | H32: 5,000-8,499 | I32: Silverlake (90026 ) | J32: $15,000-$24,999 | K32: Yes | L32: No | M32: No | N32: No | O32: =INDEX(CoverageTable[Deductible Applies],MATCH(Table1820[[#This Row],[Coverage]],CoverageTable[Coverage],0)) -> No | P32: =INDEX(CoverageTable[Coverage Limit Applies],MATCH(Table1820[[#This Row],[Coverage]],CoverageTable[Coverage],0)) -> Yes | Q32: No | R32: Yes (Medium) | S32: No | T32: No | U32: No | V32: No | W32: No | X32: 1226.0585 | Y32: =_xlfn.XLOOKUP(Table1820[[#This Row],[Coverage]],CoverageTable[Coverage],CoverageTable[Base Rate],,0) -> 622 | Z32: =INDEX(Table16[Ageband Factor],MATCH(Table1820[[#This Row],[Ageband]],Table16[Ageband],0)) -> 1.32 | AA32: =VLOOKUP(Table1820[[#This Row],[Years Driving]],Table1[],2) -> 1.64 | AB32: =_xlfn.XLOOKUP(Table1820[[#This Row],[At Fault Accidents]],Table2[At Fault Accidents],Table2[At Fault Accident Factor],,0) -> 1 | AC32: =_xlfn.XLOOKUP(Table1820[[#This Row],[Usage-Based Insurance]],Table3[Usage-Based Insurance],Table3[Usage-Based Insurance Discount],,0) -> 0.8 | AD32: =_xlfn.XLOOKUP(Table1820[[#This Row],[Yearly Miles]],Table4[Yearly Miles],Table4[Yearly Miles Factor],,0) -> 0.93 | AE32: =_xlfn.XLOOKUP(Table1820[[#This Row],[City/Zip Code]],Table5[City/Zip Code],Table5[City/Zip Code Factor],,0) -> 1.16 | AF32: =_xlfn.XLOOKUP(Table1820[[#This Row],[Vehicle Price]],Table6[Vehicle Price],Table6[Vehicle Price Factor]) -> 1.08 | AG32: =_xlfn.XLOOKUP(Table1820[[#This Row],[Exotic Car]],Table7[Exotic Car],Table7[Exotic Car Factor],,0) -> 1.28 | AH32: =_xlfn.XLOOKUP(Table1820[[#This Row],[Difficult Parts]],Table8[Difficult Parts],Table8[Difficult Parts Factor],,0) -> 1 | AI32: =_xlfn.XLOOKUP(Table1820[[#This Row],[High Theft Rate]],Table9[High Theft Rate],Table9[High Theft Rate Factor],,0) -> 1 | AJ32: =_xlfn.XLOOKUP(Table1820[[#This Row],[Advanced Safety Features]],Table10[Advanced Safety Features],Table10[Advanced Safety Features Factor],,0) -> 1 | AK32: =_xlfn.XLOOKUP(Table1820[[#This Row],[Deductible]],Table12[Deductible],Table12[Deductible Factor],,0) -> 1 | AL32: =_xlfn.XLOOKUP(Table1820[[#This Row],[Coverage Limit]],Table13[Coverage Limit],Table13[Coverage Limit Factor],,0) -> 0.72 | AM32: =IF(Table1820[[#This Row],[Good Student Discount]]="Yes",'Rate Book'!$D$126,1) -> 1 | AN32: =IF(Table1820[[#This Row],[Good Driver Discount]]="Yes",'Rate Book'!$D$127,1) -> 1 | AO32: =IF(Table1820[[#This Row],[Multi Policy Discount]]="Yes",'Rate Book'!$D$128,1) -> 1 | AP32: =IF(Table1820[[#This Row],[Loyal Customer Discount]]="Yes",'Rate Book'!$D$129,1) -> 1 | AQ32: =IF(Table1820[[#This Row],[Organization Discount]]="Yes",'Rate Book'!$D$130,1) -> 1 | AR32: {=IF(Table1820[[#This Row],[Effective Date]]>=RateChangeTable[Effective Date],RateChangeTable[Rate Change Factor],1)} -> 1.06 | AS32: =PRODUCT(Table1820[[#This Row],[Base Rate]:[Rate Change Factor]]) -> 1226.0585 | AT32: =Table1820[[#This Row],[System-Generated Premium]]-Table1820[[#This Row],[Expected Premium]] -> 0 | AU32: =IF(Table1820[[#This Row],[Difference]]=0,"PASS","FAIL") -> PASS | AV32: =ABS(Table1820[[#This Row],[Difference]]) -> 0 | AW32: No Issue
A33: P0032 | B33: 45927 | C33: Collision | D33: 25-34 | E33: 4 | F33: 4 | G33: No | H33: 17,000+ | I33: DTLA (90012) | J33: $5,000-$14,999 | K33: No | L33: No | M33: No | N33: Yes | O33: =INDEX(CoverageTable[Deductible Applies],MATCH(Table1820[[#This Row],[Coverage]],CoverageTable[Coverage],0)) -> Yes | P33: =INDEX(CoverageTable[Coverage Limit Applies],MATCH(Table1820[[#This Row],[Coverage]],CoverageTable[Coverage],0)) -> No | Q33: Yes (Low) | R33: No | S33: No | T33: Yes | U33: No | V33: No | W33: No | X33: 1618.2547 | Y33: =_xlfn.XLOOKUP(Table1820[[#This Row],[Coverage]],CoverageTable[Coverage],CoverageTable[Base Rate],,0) -> 453 | Z33: =INDEX(Table16[Ageband Factor],MATCH(Table1820[[#This Row],[Ageband]],Table16[Ageband],0)) -> 1.23 | AA33: =VLOOKUP(Table1820[[#This Row],[Years Driving]],Table1[],2) -> 1.15 | AB33: =_xlfn.XLOOKUP(Table1820[[#This Row],[At Fault Accidents]],Table2[At Fault Accidents],Table2[At Fault Accident Factor],,0) -> 2.12 | AC33: =_xlfn.XLOOKUP(Table1820[[#This Row],[Usage-Based Insurance]],Table3[Usage-Based Insurance],Table3[Usage-Based Insurance Discount],,0) -> 1 | AD33: =_xlfn.XLOOKUP(Table1820[[#This Row],[Yearly Miles]],Table4[Yearly Miles],Table4[Yearly Miles Factor],,0) -> 1.31 | AE33: =_xlfn.XLOOKUP(Table1820[[#This Row],[City/Zip Code]],Table5[City/Zip Code],Table5[City/Zip Code Factor],,0) -> 1.26 | AF33: =_xlfn.XLOOKUP(Table1820[[#This Row],[Vehicle Price]],Table6[Vehicle Price],Table6[Vehicle Price Factor]) -> 0.97 | AG33: =_xlfn.XLOOKUP(Table1820[[#This Row],[Exotic Car]],Table7[Exotic Car],Table7[Exotic Car Factor],,0) -> 1 | AH33: =_xlfn.XLOOKUP(Table1820[[#This Row],[Difficult Parts]],Table8[Difficult Parts],Table8[Difficult Parts Factor],,0) -> 1 | AI33: =_xlfn.XLOOKUP(Table1820[[#This Row],[High Theft Rate]],Table9[High Theft Rate],Table9[High Theft Rate Factor],,0) -> 1 | AJ33: =_xlfn.XLOOKUP(Table1820[[#This Row],[Advanced Safety Features]],Table10[Advanced Safety Features],Table10[Advanced Safety Features Factor],,0) -> 0.88 | AK33: =_xlfn.XLOOKUP(Table1820[[#This Row],[Deductible]],Table12[Deductible],Table12[Deductible Factor],,0) -> 0.95 | AL33: =_xlfn.XLOOKUP(Table1820[[#This Row],[Coverage Limit]],Table13[Coverage Limit],Table13[Coverage Limit Factor],,0) -> 1 | AM33: =IF(Table1820[[#This Row],[Good Student Discount]]="Yes",'Rate Book'!$D$126,1) -> 1 | AN33: =IF(Table1820[[#This Row],[Good Driver Discount]]="Yes",'Rate Book'!$D$127,1) -> 0.89 | AO33: =IF(Table1820[[#This Row],[Multi Policy Discount]]="Yes",'Rate Book'!$D$128,1) -> 1 | AP33: =IF(Table1820[[#This Row],[Loyal Customer Discount]]="Yes",'Rate Book'!$D$129,1) -> 1 | AQ33: =IF(Table1820[[#This Row],[Organization Discount]]="Yes",'Rate Book'!$D$130,1) -> 1 | AR33: {=IF(Table1820[[#This Row],[Effective Date]]>=RateChangeTable[Effective Date],RateChangeTable[Rate Change Factor],1)} -> 1 | AS33: =PRODUCT(Table1820[[#This Row],[Base Rate]:[Rate Change Factor]]) -> 1618.2547 | AT33: =Table1820[[#This Row],[System-Generated Premium]]-Table1820[[#This Row],[Expected Premium]] -> 0 | AU33: =IF(Table1820[[#This Row],[Difference]]=0,"PASS","FAIL") -> PASS | AV33: =ABS(Table1820[[#This Row],[Difference]]) -> 0 | AW33: No Issue
A34: P0033 | B34: 45841 | C34: Liability | D34: 25-34 | E34: 5 | F34: 4 | G34: No | H34: 17,000+ | I34: DTLA (90012) | J34: $0-$4,999 | K34: No | L34: No | M34: No | N34: Yes | O34: =INDEX(CoverageTable[Deductible Applies],MATCH(Table1820[[#This Row],[Coverage]],CoverageTable[Coverage],0)) -> No | P34: =INDEX(CoverageTable[Coverage Limit Applies],MATCH(Table1820[[#This Row],[Coverage]],CoverageTable[Coverage],0)) -> Yes | Q34: No | R34: Yes (Medium) | S34: No | T34: No | U34: No | V34: No | W34: No | X34: 1488.2846 | Y34: =_xlfn.XLOOKUP(Table1820[[#This Row],[Coverage]],CoverageTable[Coverage],CoverageTable[Base Rate],,0) -> 622 | Z34: =INDEX(Table16[Ageband Factor],MATCH(Table1820[[#This Row],[Ageband]],Table16[Ageband],0)) -> 1.23 | AA34: =VLOOKUP(Table1820[[#This Row],[Years Driving]],Table1[],2) -> 1.07 | AB34: =_xlfn.XLOOKUP(Table1820[[#This Row],[At Fault Accidents]],Table2[At Fault Accidents],Table2[At Fault Accident Factor],,0) -> 2.12 | AC34: =_xlfn.XLOOKUP(Table1820[[#This Row],[Usage-Based Insurance]],Table3[Usage-Based Insurance],Table3[Usage-Based Insurance Discount],,0) -> 1 | AD34: =_xlfn.XLOOKUP(Table1820[[#This Row],[Yearly Miles]],Table4[Yearly Miles],Table4[Yearly Miles Factor],,0) -> 1.31 | AE34: =_xlfn.XLOOKUP(Table1820[[#This Row],[City/Zip Code]],Table5[City/Zip Code],Table5[City/Zip Code Factor],,0) -> 1.26 | AF34: =_xlfn.XLOOKUP(Table1820[[#This Row],[Vehicle Price]],Table6[Vehicle Price],Table6[Vehicle Price Factor]) -> 0.82 | AG34: =_xlfn.XLOOKUP(Table1820[[#This Row],[Exotic Car]],Table7[Exotic Car],Table7[Exotic Car Factor],,0) -> 1 | AH34: =_xlfn.XLOOKUP(Table1820[[#This Row],[Difficult Parts]],Table8[Difficult Parts],Table8[Difficult Parts Factor],,0) -> 1 | AI34: =_xlfn.XLOOKUP(Table1820[[#This Row],[High Theft Rate]],Table9[High Theft Rate],Table9[High Theft Rate Factor],,0) -> 1 | AJ34: =_xlfn.XLOOKUP(Table1820[[#This Row],[Advanced Safety Features]],Table10[Advanced Safety Features],Table10[Advanced Safety Features Factor],,0) -> 0.88 | AK34: =_xlfn.XLOOKUP(Table1820[[#This Row],[Deductible]],Table12[Deductible],Table12[Deductible Factor],,0) -> 1 | AL34: =_xlfn.XLOOKUP(Table1820[[#This Row],[Coverage Limit]],Table13[Coverage Limit],Table13[Coverage Limit Factor],,0) -> 0.72 | AM34: =IF(Table1820[[#This Row],[Good Student Discount]]="Yes",'Rate Book'!$D$126,1) -> 1 | AN34: =IF(Table1820[[#This Row],[Good Driver Discount]]="Yes",'Rate Book'!$D$127,1) -> 1 | AO34: =IF(Table1820[[#This Row],[Multi Policy Discount]]="Yes",'Rate Book'!$D$128,1) -> 1 | AP34: =IF(Table1820[[#This Row],[Loyal Customer Discount]]="Yes",'Rate Book'!$D$129,1) -> 1 | AQ34: =IF(Table1820[[#This Row],[Organization Discount]]="Yes",'Rate Book'!$D$130,1) -> 1 | AR34: {=IF(Table1820[[#This Row],[Effective Date]]>=RateChangeTable[Effective Date],RateChangeTable[Rate Change Factor],1)} -> 1 | AS34: =PRODUCT(Table1820[[#This Row],[Base Rate]:[Rate Change Factor]]) -> 1488.2846 | AT34: =Table1820[[#This Row],[System-Generated Premium]]-Table1820[[#This Row],[Expected Premium]] -> 0 | AU34: =IF(Table1820[[#This Row],[Difference]]=0,"PASS","FAIL") -> PASS | AV34: =ABS(Table1820[[#This Row],[Difference]]) -> 0 | AW34: No Issue
A35: P0034 | B35: 45816 | C35: Liability | D35: 45-54 | E35: 8+ | F35: 4 | G35: Yes (Medium Score) | H35: 5,000-8,499 | I35: Silverlake (90026 ) | J35: $25,000-$44,999 | K35: No | L35: No | M35: No | N35: Yes | O35: =INDEX(CoverageTable[Deductible Applies],MATCH(Table1820[[#This Row],[Coverage]],CoverageTable[Coverage],0)) -> No | P35: =INDEX(CoverageTable[Coverage Limit Applies],MATCH(Table1820[[#This Row],[Coverage]],CoverageTable[Coverage],0)) -> Yes | Q35: No | R35: Yes (Low) | S35: Yes | T35: No | U35: No | V35: No | W35: No | X35: 715.87006 | Y35: =_xlfn.XLOOKUP(Table1820[[#This Row],[Coverage]],CoverageTable[Coverage],CoverageTable[Base Rate],,0) -> 622 | Z35: =INDEX(Table16[Ageband Factor],MATCH(Table1820[[#This Row],[Ageband]],Table16[Ageband],0)) -> 1.07 | AA35: =VLOOKUP(Table1820[[#This Row],[Years Driving]],Table1[],2) -> 0.93 | AB35: =_xlfn.XLOOKUP(Table1820[[#This Row],[At Fault Accidents]],Table2[At Fault Accidents],Table2[At Fault Accident Factor],,0) -> 2.12 | AC35: =_xlfn.XLOOKUP(Table1820[[#This Row],[Usage-Based Insurance]],Table3[Usage-Based Insurance],Table3[Usage-Based Insurance Discount],,0) -> 0.8 | AD35: =_xlfn.XLOOKUP(Table1820[[#This Row],[Yearly Miles]],Table4[Yearly Miles],Table4[Yearly Miles Factor],,0) -> 0.93 | AE35: =_xlfn.XLOOKUP(Table1820[[#This Row],[City/Zip Code]],Table5[City/Zip Code],Table5[City/Zip Code Factor],,0) -> 1.16 | AF35: =_xlfn.XLOOKUP(Table1820[[#This Row],[Vehicle Price]],Table6[Vehicle Price],Table6[Vehicle Price Factor]) -> 1.28 | AG35: =_xlfn.XLOOKUP(Table1820[[#This Row],[Exotic Car]],Table7[Exotic Car],Table7[Exotic Car Factor],,0) -> 1 | AH35: =_xlfn.XLOOKUP(Table1820[[#This Row],[Difficult Parts]],Table8[Difficult Parts],Table8[Difficult Parts Factor],,0) -> 1 | AI35: =_xlfn.XLOOKUP(Table1820[[#This Row],[High Theft Rate]],Table9[High Theft Rate],Table9[High Theft Rate Factor],,0) -> 1 | AJ35: =_xlfn.XLOOKUP(Table1820[[#This Row],[Advanced Safety Features]],Table10[Advanced Safety Features],Table10[Advanced Safety Features Factor],,0) -> 0.88 | AK35: =_xlfn.XLOOKUP(Table1820[[#This Row],[Deductible]],Table12[Deductible],Table12[Deductible Factor],,0) -> 1 | AL35: =_xlfn.XLOOKUP(Table1820[[#This Row],[Coverage Limit]],Table13[Coverage Limit],Table13[Coverage Limit Factor],,0) -> 0.61 | AM35: =IF(Table1820[[#This Row],[Good Student Discount]]="Yes",'Rate Book'!$D$126,1) -> 0.92 | AN35: =IF(Table1820[[#This Row],[Good Driver Discount]]="Yes",'Rate Book'!$D$127,1) -> 1 | AO35: =IF(Table1820[[#This Row],[Multi Policy Discount]]="Yes",'Rate Book'!$D$128,1) -> 1 | AP35: =IF(Table1820[[#This Row],[Loyal Customer Discount]]="Yes",'Rate Book'!$D$129,1) -> 1 | AQ35: =IF(Table1820[[#This Row],[Organization Discount]]="Yes",'Rate Book'!$D$130,1) -> 1 | AR35: {=IF(Table1820[[#This Row],[Effective Date]]>=RateChangeTable[Effective Date],RateChangeTable[Rate Change Factor],1)} -> 1 | AS35: =PRODUCT(Table1820[[#This Row],[Base Rate]:[Rate Change Factor]]) -> 715.87006 | AT35: =Table1820[[#This Row],[System-Generated Premium]]-Table1820[[#This Row],[Expected Premium]] -> 0 | AU35: =IF(Table1820[[#This Row],[Difference]]=0,"PASS","FAIL") -> PASS | AV35: =ABS(Table1820[[#This Row],[Difference]]) -> 0 | AW35: No Issue
A36: P0035 | B36: 46131 | C36: Rental Car Reinbursement | D36: 65+ | E36: 5 | F36: 1 | G36: No | H36: 13,500-16,999 | I36: Fullerton (92832) | J36: $15,000-$24,999 | K36: No | L36: No | M36: No | N36: Yes | O36: =INDEX(CoverageTable[Deductible Applies],MATCH(Table1820[[#This Row],[Coverage]],CoverageTable[Coverage],0)) -> No | P36: =INDEX(CoverageTable[Coverage Limit Applies],MATCH(Table1820[[#This Row],[Coverage]],CoverageTable[Coverage],0)) -> Yes | Q36: No | R36: Yes (Medium) | S36: No | T36: No | U36: No | V36: Yes | W36: No | X36: 67.274244 | Y36: =_xlfn.XLOOKUP(Table1820[[#This Row],[Coverage]],CoverageTable[Coverage],CoverageTable[Base Rate],,0) -> 41 | Z36: =INDEX(Table16[Ageband Factor],MATCH(Table1820[[#This Row],[Ageband]],Table16[Ageband],0)) -> 1.27 | AA36: =VLOOKUP(Table1820[[#This Row],[Years Driving]],Table1[],2) -> 1.07 | AB36: =_xlfn.XLOOKUP(Table1820[[#This Row],[At Fault Accidents]],Table2[At Fault Accidents],Table2[At Fault Accident Factor],,0) -> 1.34 | AC36: =_xlfn.XLOOKUP(Table1820[[#This Row],[Usage-Based Insurance]],Table3[Usage-Based Insurance],Table3[Usage-Based Insurance Discount],,0) -> 1 | AD36: =_xlfn.XLOOKUP(Table1820[[#This Row],[Yearly Miles]],Table4[Yearly Miles],Table4[Yearly Miles Factor],,0) -> 1.18 | AE36: =_xlfn.XLOOKUP(Table1820[[#This Row],[City/Zip Code]],Table5[City/Zip Code],Table5[City/Zip Code Factor],,0) -> 1.12 | AF36: =_xlfn.XLOOKUP(Table1820[[#This Row],[Vehicle Price]],Table6[Vehicle Price],Table6[Vehicle Price Factor]) -> 1.08 | AG36: =_xlfn.XLOOKUP(Table1820[[#This Row],[Exotic Car]],Table7[Exotic Car],Table7[Exotic Car Factor],,0) -> 1 | AH36: =_xlfn.XLOOKUP(Table1820[[#This Row],[Difficult Parts]],Table8[Difficult Parts],Table8[Difficult Parts Factor],,0) -> 1 | AI36: =_xlfn.XLOOKUP(Table1820[[#This Row],[High Theft Rate]],Table9[High Theft Rate],Table9[High Theft Rate Factor],,0) -> 1 | AJ36: =_xlfn.XLOOKUP(Table1820[[#This Row],[Advanced Safety Features]],Table10[Advanced Safety Features],Table10[Advanced Safety Features Factor],,0) -> 0.88 | AK36: =_xlfn.XLOOKUP(Table1820[[#This Row],[Deductible]],Table12[Deductible],Table12[Deductible Factor],,0) -> 1 | AL36: =_xlfn.XLOOKUP(Table1820[[#This Row],[Coverage Limit]],Table13[Coverage Limit],Table13[Coverage Limit Factor],,0) -> 0.72 | AM36: =IF(Table1820[[#This Row],[Good Student Discount]]="Yes",'Rate Book'!$D$126,1) -> 1 | AN36: =IF(Table1820[[#This Row],[Good Driver Discount]]="Yes",'Rate Book'!$D$127,1) -> 1 | AO36: =IF(Table1820[[#This Row],[Multi Policy Discount]]="Yes",'Rate Book'!$D$128,1) -> 1 | AP36: =IF(Table1820[[#This Row],[Loyal Customer Discount]]="Yes",'Rate Book'!$D$129,1) -> 0.94 | AQ36: =IF(Table1820[[#This Row],[Organization Discount]]="Yes",'Rate Book'!$D$130,1) -> 1 | AR36: {=IF(Table1820[[#This Row],[Effective Date]]>=RateChangeTable[Effective Date],RateChangeTable[Rate Change Factor],1)} -> 1.06 | AS36: =PRODUCT(Table1820[[#This Row],[Base Rate]:[Rate Change Factor]]) -> 67.274244 | AT36: =Table1820[[#This Row],[System-Generated Premium]]-Table1820[[#This Row],[Expected Premium]] -> 0 | AU36: =IF(Table1820[[#This Row],[Difference]]=0,"PASS","FAIL") -> PASS | AV36: =ABS(Table1820[[#This Row],[Difference]]) -> 0 | AW36: No Issue
A37: P0036 | B37: 45872 | C37: Collision | D37: 45-54 | E37: 7 | F37: 0 | G37: No | H37: 8,500-13,499 | I37: Long Beach (90712) | J37: $0-$4,999 | K37: No | L37: No | M37: No | N37: Yes | O37: =INDEX(CoverageTable[Deductible Applies],MATCH(Table1820[[#This Row],[Coverage]],CoverageTable[Coverage],0)) -> Yes | P37: =INDEX(CoverageTable[Coverage Limit Applies],MATCH(Table1820[[#This Row],[Coverage]],CoverageTable[Coverage],0)) -> No | Q37: Yes (Low) | R37: No | S37: No | T37: No | U37: Yes | V37: No | W37: No | X37: 328.79612 | Y37: =_xlfn.XLOOKUP(Table1820[[#This Row],[Coverage]],CoverageTable[Coverage],CoverageTable[Base Rate],,0) -> 453 | Z37: =INDEX(Table16[Ageband Factor],MATCH(Table1820[[#This Row],[Ageband]],Table16[Ageband],0)) -> 1.07 | AA37: =VLOOKUP(Table1820[[#This Row],[Years Driving]],Table1[],2) -> 0.95 | AB37: =_xlfn.XLOOKUP(Table1820[[#This Row],[At Fault Accidents]],Table2[At Fault Accidents],Table2[At Fault Accident Factor],,0) -> 1 | AC37: =_xlfn.XLOOKUP(Table1820[[#This Row],[Usage-Based Insurance]],Table3[Usage-Based Insurance],Table3[Usage-Based Insurance Discount],,0) -> 1 | AD37: =_xlfn.XLOOKUP(Table1820[[#This Row],[Yearly Miles]],Table4[Yearly Miles],Table4[Yearly Miles Factor],,0) -> 1 | AE37: =_xlfn.XLOOKUP(Table1820[[#This Row],[City/Zip Code]],Table5[City/Zip Code],Table5[City/Zip Code Factor],,0) -> 1.12 | AF37: =_xlfn.XLOOKUP(Table1820[[#This Row],[Vehicle Price]],Table6[Vehicle Price],Table6[Vehicle Price Factor]) -> 0.82 | AG37: =_xlfn.XLOOKUP(Table1820[[#This Row],[Exotic Car]],Table7[Exotic Car],Table7[Exotic Car Factor],,0) -> 1 | AH37: =_xlfn.XLOOKUP(Table1820[[#This Row],[Difficult Parts]],Table8[Difficult Parts],Table8[Difficult Parts Factor],,0) -> 1 | AI37: =_xlfn.XLOOKUP(Table1820[[#This Row],[High Theft Rate]],Table9[High Theft Rate],Table9[High Theft Rate Factor],,0) -> 1 | AJ37: =_xlfn.XLOOKUP(Table1820[[#This Row],[Advanced Safety Features]],Table10[Advanced Safety Features],Table10[Advanced Safety Features Factor],,0) -> 0.88 | AK37: =_xlfn.XLOOKUP(Table1820[[#This Row],[Deductible]],Table12[Deductible],Table12[Deductible Factor],,0) -> 0.95 | AL37: =_xlfn.XLOOKUP(Table1820[[#This Row],[Coverage Limit]],Table13[Coverage Limit],Table13[Coverage Limit Factor],,0) -> 1 | AM37: =IF(Table1820[[#This Row],[Good Student Discount]]="Yes",'Rate Book'!$D$126,1) -> 1 | AN37: =IF(Table1820[[#This Row],[Good Driver Discount]]="Yes",'Rate Book'!$D$127,1) -> 1 | AO37: =IF(Table1820[[#This Row],[Multi Policy Discount]]="Yes",'Rate Book'!$D$128,1) -> 0.93 | AP37: =IF(Table1820[[#This Row],[Loyal Customer Discount]]="Yes",'Rate Book'!$D$129,1) -> 1 | AQ37: =IF(Table1820[[#This Row],[Organization Discount]]="Yes",'Rate Book'!$D$130,1) -> 1 | AR37: {=IF(Table1820[[#This Row],[Effective Date]]>=RateChangeTable[Effective Date],RateChangeTable[Rate Change Factor],1)} -> 1 | AS37: =PRODUCT(Table1820[[#This Row],[Base Rate]:[Rate Change Factor]]) -> 328.79612 | AT37: =Table1820[[#This Row],[System-Generated Premium]]-Table1820[[#This Row],[Expected Premium]] -> 0 | AU37: =IF(Table1820[[#This Row],[Difference]]=0,"PASS","FAIL") -> PASS | AV37: =ABS(Table1820[[#This Row],[Difference]]) -> 0 | AW37: No Issue
A38: P0037 | B38: 46077 | C38: Liability | D38: 45-54 | E38: 7 | F38: 3 | G38: No | H38: 8,500-13,499 | I38: Hollywood (90028) | J38: $150,000+ | K38: No | L38: No | M38: No | N38: No | O38: =INDEX(CoverageTable[Deductible Applies],MATCH(Table1820[[#This Row],[Coverage]],CoverageTable[Coverage],0)) -> No | P38: =INDEX(CoverageTable[Coverage Limit Applies],MATCH(Table1820[[#This Row],[Coverage]],CoverageTable[Coverage],0)) -> Yes | Q38: No | R38: Yes (Low) | S38: No | T38: Yes | U38: No | V38: No | W38: No | X38: 2261.6413 | Y38: =_xlfn.XLOOKUP(Table1820[[#This Row],[Coverage]],CoverageTable[Coverage],CoverageTable[Base Rate],,0) -> 622 | Z38: =INDEX(Table16[Ageband Factor],MATCH(Table1820[[#This Row],[Ageband]],Table16[Ageband],0)) -> 1.07 | AA38: =VLOOKUP(Table1820[[#This Row],[Years Driving]],Table1[],2) -> 0.95 | AB38: =_xlfn.XLOOKUP(Table1820[[#This Row],[At Fault Accidents]],Table2[At Fault Accidents],Table2[At Fault Accident Factor],,0) -> 1.82 | AC38: =_xlfn.XLOOKUP(Table1820[[#This Row],[Usage-Based Insurance]],Table3[Usage-Based Insurance],Table3[Usage-Based Insurance Discount],,0) -> 1 | AD38: =_xlfn.XLOOKUP(Table1820[[#This Row],[Yearly Miles]],Table4[Yearly Miles],Table4[Yearly Miles Factor],,0) -> 1 | AE38: =_xlfn.XLOOKUP(Table1820[[#This Row],[City/Zip Code]],Table5[City/Zip Code],Table5[City/Zip Code Factor],,0) -> 1.19 | AF38: =_xlfn.XLOOKUP(Table1820[[#This Row],[Vehicle Price]],Table6[Vehicle Price],Table6[Vehicle Price Factor]) -> 2.87 | AG38: =_xlfn.XLOOKUP(Table1820[[#This Row],[Exotic Car]],Table7[Exotic Car],Table7[Exotic Car Factor],,0) -> 1 | AH38: =_xlfn.XLOOKUP(Table1820[[#This Row],[Difficult Parts]],Table8[Difficult Parts],Table8[Difficult Parts Factor],,0) -> 1 | AI38: =_xlfn.XLOOKUP(Table1820[[#This Row],[High Theft Rate]],Table9[High Theft Rate],Table9[High Theft Rate Factor],,0) -> 1 | AJ38: =_xlfn.XLOOKUP(Table1820[[#This Row],[Advanced Safety Features]],Table10[Advanced Safety Features],Table10[Advanced Safety Features Factor],,0) -> 1 | AK38: =_xlfn.XLOOKUP(Table1820[[#This Row],[Deductible]],Table12[Deductible],Table12[Deductible Factor],,0) -> 1 | AL38: =_xlfn.XLOOKUP(Table1820[[#This Row],[Coverage Limit]],Table13[Coverage Limit],Table13[Coverage Limit Factor],,0) -> 0.61 | AM38: =IF(Table1820[[#This Row],[Good Student Discount]]="Yes",'Rate Book'!$D$126,1) -> 1 | AN38: =IF(Table1820[[#This Row],[Good Driver Discount]]="Yes",'Rate Book'!$D$127,1) -> 0.89 | AO38: =IF(Table1820[[#This Row],[Multi Policy Discount]]="Yes",'Rate Book'!$D$128,1) -> 1 | AP38: =IF(Table1820[[#This Row],[Loyal Customer Discount]]="Yes",'Rate Book'!$D$129,1) -> 1 | AQ38: =IF(Table1820[[#This Row],[Organization Discount]]="Yes",'Rate Book'!$D$130,1) -> 1 | AR38: {=IF(Table1820[[#This Row],[Effective Date]]>=RateChangeTable[Effective Date],RateChangeTable[Rate Change Factor],1)} -> 1.06 | AS38: =PRODUCT(Table1820[[#This Row],[Base Rate]:[Rate Change Factor]]) -> 2261.6413 | AT38: =Table1820[[#This Row],[System-Generated Premium]]-Table1820[[#This Row],[Expected Premium]] -> 0 | AU38: =IF(Table1820[[#This Row],[Difference]]=0,"PASS","FAIL") -> PASS | AV38: =ABS(Table1820[[#This Row],[Difference]]) -> 0 | AW38: No Issue
A39: P0038 | B39: 46113 | C39: Liability | D39: 55-64 | E39: 2 | F39: 0 | G39: No | H39: 13,500-16,999 | I39: West Hollywood (90046) | J39: $45,000-$84,999 | K39: No | L39: No | M39: Yes | N39: No | O39: =INDEX(CoverageTable[Deductible Applies],MATCH(Table1820[[#This Row],[Coverage]],CoverageTable[Coverage],0)) -> No | P39: =INDEX(CoverageTable[Coverage Limit Applies],MATCH(Table1820[[#This Row],[Coverage]],CoverageTable[Coverage],0)) -> Yes | Q39: No | R39: Yes (Medium) | S39: No | T39: No | U39: No | V39: No | W39: No | X39: 1901.0237 | Y39: =_xlfn.XLOOKUP(Table1820[[#This Row],[Coverage]],CoverageTable[Coverage],CoverageTable[Base Rate],,0) -> 622 | Z39: =INDEX(Table16[Ageband Factor],MATCH(Table1820[[#This Row],[Ageband]],Table16[Ageband],0)) -> 1.12 | AA39: =VLOOKUP(Table1820[[#This Row],[Years Driving]],Table1[],2) -> 1.41 | AB39: =_xlfn.XLOOKUP(Table1820[[#This Row],[At Fault Accidents]],Table2[At Fault Accidents],Table2[At Fault Accident Factor],,0) -> 1 | AC39: =_xlfn.XLOOKUP(Table1820[[#This Row],[Usage-Based Insurance]],Table3[Usage-Based Insurance],Table3[Usage-Based Insurance Discount],,0) -> 1 | AD39: =_xlfn.XLOOKUP(Table1820[[#This Row],[Yearly Miles]],Table4[Yearly Miles],Table4[Yearly Miles Factor],,0) -> 1.18 | AE39: =_xlfn.XLOOKUP(Table1820[[#This Row],[City/Zip Code]],Table5[City/Zip Code],Table5[City/Zip Code Factor],,0) -> 1.18 | AF39: =_xlfn.XLOOKUP(Table1820[[#This Row],[Vehicle Price]],Table6[Vehicle Price],Table6[Vehicle Price Factor]) -> 1.57 | AG39: =_xlfn.XLOOKUP(Table1820[[#This Row],[Exotic Car]],Table7[Exotic Car],Table7[Exotic Car Factor],,0) -> 1 | AH39: =_xlfn.XLOOKUP(Table1820[[#This Row],[Difficult Parts]],Table8[Difficult Parts],Table8[Difficult Parts Factor],,0) -> 1 | AI39: =_xlfn.XLOOKUP(Table1820[[#This Row],[High Theft Rate]],Table9[High Theft Rate],Table9[High Theft Rate Factor],,0) -> 1.16 | AJ39: =_xlfn.XLOOKUP(Table1820[[#This Row],[Advanced Safety Features]],Table10[Advanced Safety Features],Table10[Advanced Safety Features Factor],,0) -> 1 | AK39: =_xlfn.XLOOKUP(Table1820[[#This Row],[Deductible]],Table12[Deductible],Table12[Deductible Factor],,0) -> 1 | AL39: =_xlfn.XLOOKUP(Table1820[[#This Row],[Coverage Limit]],Table13[Coverage Limit],Table13[Coverage Limit Factor],,0) -> 0.72 | AM39: =IF(Table1820[[#This Row],[Good Student Discount]]="Yes",'Rate Book'!$D$126,1) -> 1 | AN39: =IF(Table1820[[#This Row],[Good Driver Discount]]="Yes",'Rate Book'!$D$127,1) -> 1 | AO39: =IF(Table1820[[#This Row],[Multi Policy Discount]]="Yes",'Rate Book'!$D$128,1) -> 1 | AP39: =IF(Table1820[[#This Row],[Loyal Customer Discount]]="Yes",'Rate Book'!$D$129,1) -> 1 | AQ39: =IF(Table1820[[#This Row],[Organization Discount]]="Yes",'Rate Book'!$D$130,1) -> 1 | AR39: {=IF(Table1820[[#This Row],[Effective Date]]>=RateChangeTable[Effective Date],RateChangeTable[Rate Change Factor],1)} -> 1.06 | AS39: =PRODUCT(Table1820[[#This Row],[Base Rate]:[Rate Change Factor]]) -> 1901.0237 | AT39: =Table1820[[#This Row],[System-Generated Premium]]-Table1820[[#This Row],[Expected Premium]] -> 0 | AU39: =IF(Table1820[[#This Row],[Difference]]=0,"PASS","FAIL") -> PASS | AV39: =ABS(Table1820[[#This Row],[Difference]]) -> 0 | AW39: No Issue
A40: P0039 | B40: 46128 | C40: Liability | D40: 35-44 | E40: 6 | F40: 2 | G40: Yes (Low Score) | H40: 8,500-13,499 | I40: Cypress (90630) | J40: $85,000-$149,999 | K40: No | L40: No | M40: No | N40: Yes | O40: =INDEX(CoverageTable[Deductible Applies],MATCH(Table1820[[#This Row],[Coverage]],CoverageTable[Coverage],0)) -> No | P40: =INDEX(CoverageTable[Coverage Limit Applies],MATCH(Table1820[[#This Row],[Coverage]],CoverageTable[Coverage],0)) -> Yes | Q40: No | R40: Yes (Low) | S40: No | T40: No | U40: No | V40: No | W40: Yes | X40: 1102.836 | Y40: =_xlfn.XLOOKUP(Table1820[[#This Row],[Coverage]],CoverageTable[Coverage],CoverageTable[Base Rate],,0) -> 622 | Z40: =INDEX(Table16[Ageband Factor],MATCH(Table1820[[#This Row],[Ageband]],Table16[Ageband],0)) -> 1 | AA40: =VLOOKUP(Table1820[[#This Row],[Years Driving]],Table1[],2) -> 1 | AB40: =_xlfn.XLOOKUP(Table1820[[#This Row],[At Fault Accidents]],Table2[At Fault Accidents],Table2[At Fault Accident Factor],,0) -> 1.55 | AC40: =_xlfn.XLOOKUP(Table1820[[#This Row],[Usage-Based Insurance]],Table3[Usage-Based Insurance],Table3[Usage-Based Insurance Discount],,0) -> 0.95 | AD40: =_xlfn.XLOOKUP(Table1820[[#This Row],[Yearly Miles]],Table4[Yearly Miles],Table4[Yearly Miles Factor],,0) -> 1 | AE40: =_xlfn.XLOOKUP(Table1820[[#This Row],[City/Zip Code]],Table5[City/Zip Code],Table5[City/Zip Code Factor],,0) -> 1.08 | AF40: =_xlfn.XLOOKUP(Table1820[[#This Row],[Vehicle Price]],Table6[Vehicle Price],Table6[Vehicle Price Factor]) -> 2.02 | AG40: =_xlfn.XLOOKUP(Table1820[[#This Row],[Exotic Car]],Table7[Exotic Car],Table7[Exotic Car Factor],,0) -> 1 | AH40: =_xlfn.XLOOKUP(Table1820[[#This Row],[Difficult Parts]],Table8[Difficult Parts],Table8[Difficult Parts Factor],,0) -> 1 | AI40: =_xlfn.XLOOKUP(Table1820[[#This Row],[High Theft Rate]],Table9[High Theft Rate],Table9[High Theft Rate Factor],,0) -> 1 | AJ40: =_xlfn.XLOOKUP(Table1820[[#This Row],[Advanced Safety Features]],Table10[Advanced Safety Features],Table10[Advanced Safety Features Factor],,0) -> 0.88 | AK40: =_xlfn.XLOOKUP(Table1820[[#This Row],[Deductible]],Table12[Deductible],Table12[Deductible Factor],,0) -> 1 | AL40: =_xlfn.XLOOKUP(Table1820[[#This Row],[Coverage Limit]],Table13[Coverage Limit],Table13[Coverage Limit Factor],,0) -> 0.61 | AM40: =IF(Table1820[[#This Row],[Good Student Discount]]="Yes",'Rate Book'!$D$126,1) -> 1 | AN40: =IF(Table1820[[#This Row],[Good Driver Discount]]="Yes",'Rate Book'!$D$127,1) -> 1 | AO40: =IF(Table1820[[#This Row],[Multi Policy Discount]]="Yes",'Rate Book'!$D$128,1) -> 1 | AP40: =IF(Table1820[[#This Row],[Loyal Customer Discount]]="Yes",'Rate Book'!$D$129,1) -> 1 | AQ40: =IF(Table1820[[#This Row],[Organization Discount]]="Yes",'Rate Book'!$D$130,1) -> 0.97 | AR40: {=IF(Table1820[[#This Row],[Effective Date]]>=RateChangeTable[Effective Date],RateChangeTable[Rate Change Factor],1)} -> 1.06 | AS40: =PRODUCT(Table1820[[#This Row],[Base Rate]:[Rate Change Factor]]) -> 1102.836 | AT40: =Table1820[[#This Row],[System-Generated Premium]]-Table1820[[#This Row],[Expected Premium]] -> 0 | AU40: =IF(Table1820[[#This Row],[Difference]]=0,"PASS","FAIL") -> PASS | AV40: =ABS(Table1820[[#This Row],[Difference]]) -> 0 | AW40: No Issue
A41: P0040 | B41: 45901 | C41: Rental Car Reinbursement | D41: 65+ | E41: 1 | F41: 1 | G41: Yes (Low Score) | H41: 0-4,999 | I41: Huntington Beach (90742) | J41: $5,000-$14,999 | K41: No | L41: No | M41: Yes | N41: No | O41: =INDEX(CoverageTable[Deductible Applies],MATCH(Table1820[[#This Row],[Coverage]],CoverageTable[Coverage],0)) -> No | P41: =INDEX(CoverageTable[Coverage Limit Applies],MATCH(Table1820[[#This Row],[Coverage]],CoverageTable[Coverage],0)) -> Yes | Q41: No | R41: Yes (Medium) | S41: Yes | T41: Yes | U41: No | V41: No | W41: No | X41: 57.948181 | Y41: =_xlfn.XLOOKUP(Table1820[[#This Row],[Coverage]],CoverageTable[Coverage],CoverageTable[Base Rate],,0) -> 41 | Z41: =INDEX(Table16[Ageband Factor],MATCH(Table1820[[#This Row],[Ageband]],Table16[Ageband],0)) -> 1.27 | AA41: =VLOOKUP(Table1820[[#This Row],[Years Driving]],Table1[],2) -> 1.64 | AB41: =_xlfn.XLOOKUP(Table1820[[#This Row],[At Fault Accidents]],Table2[At Fault Accidents],Table2[At Fault Accident Factor],,0) -> 1.34 | AC41: =_xlfn.XLOOKUP(Table1820[[#This Row],[Usage-Based Insurance]],Table3[Usage-Based Insurance],Table3[Usage-Based Insurance Discount],,0) -> 0.95 | AD41: =_xlfn.XLOOKUP(Table1820[[#This Row],[Yearly Miles]],Table4[Yearly Miles],Table4[Yearly Miles Factor],,0) -> 0.82 | AE41: =_xlfn.XLOOKUP(Table1820[[#This Row],[City/Zip Code]],Table5[City/Zip Code],Table5[City/Zip Code Factor],,0) -> 0.98 | AF41: =_xlfn.XLOOKUP(Table1820[[#This Row],[Vehicle Price]],Table6[Vehicle Price],Table6[Vehicle Price Factor]) -> 0.97 | AG41: =_xlfn.XLOOKUP(Table1820[[#This Row],[Exotic Car]],Table7[Exotic Car],Table7[Exotic Car Factor],,0) -> 1 | AH41: =_xlfn.XLOOKUP(Table1820[[#This Row],[Difficult Parts]],Table8[Difficult Parts],Table8[Difficult Parts Factor],,0) -> 1 | AI41: =_xlfn.XLOOKUP(Table1820[[#This Row],[High Theft Rate]],Table9[High Theft Rate],Table9[High Theft Rate Factor],,0) -> 1.16 | AJ41: =_xlfn.XLOOKUP(Table1820[[#This Row],[Advanced Safety Features]],Table10[Advanced Safety Features],Table10[Advanced Safety Features Factor],,0) -> 1 | AK41: =_xlfn.XLOOKUP(Table1820[[#This Row],[Deductible]],Table12[Deductible],Table12[Deductible Factor],,0) -> 1 | AL41: =_xlfn.XLOOKUP(Table1820[[#This Row],[Coverage Limit]],Table13[Coverage Limit],Table13[Coverage Limit Factor],,0) -> 0.72 | AM41: =IF(Table1820[[#This Row],[Good Student Discount]]="Yes",'Rate Book'!$D$126,1) -> 0.92 | AN41: =IF(Table1820[[#This Row],[Good Driver Discount]]="Yes",'Rate Book'!$D$127,1) -> 0.89 | AO41: =IF(Table1820[[#This Row],[Multi Policy Discount]]="Yes",'Rate Book'!$D$128,1) -> 1 | AP41: =IF(Table1820[[#This Row],[Loyal Customer Discount]]="Yes",'Rate Book'!$D$129,1) -> 1 | AQ41: =IF(Table1820[[#This Row],[Organization Discount]]="Yes",'Rate Book'!$D$130,1) -> 1 | AR41: {=IF(Table1820[[#This Row],[Effective Date]]>=RateChangeTable[Effective Date],RateChangeTable[Rate Change Factor],1)} -> 1 | AS41: =PRODUCT(Table1820[[#This Row],[Base Rate]:[Rate Change Factor]]) -> 57.948181 | AT41: =Table1820[[#This Row],[System-Generated Premium]]-Table1820[[#This Row],[Expected Premium]] -> 0 | AU41: =IF(Table1820[[#This Row],[Difference]]=0,"PASS","FAIL") -> PASS | AV41: =ABS(Table1820[[#This Row],[Difference]]) -> 0 | AW41: No Issue
A42: P0041 | B42: 45992 | C42: Liability | D42: 25-34 | E42: 7 | F42: 1 | G42: No | H42: 0-4,999 | I42: Culver City (90066) | J42: $25,000-$44,999 | K42: No | L42: No | M42: No | N42: Yes | O42: =INDEX(CoverageTable[Deductible Applies],MATCH(Table1820[[#This Row],[Coverage]],CoverageTable[Coverage],0)) -> No | P42: =INDEX(CoverageTable[Coverage Limit Applies],MATCH(Table1820[[#This Row],[Coverage]],CoverageTable[Coverage],0)) -> Yes | Q42: No | R42: Yes (Low) | S42: No | T42: Yes | U42: No | V42: No | W42: No | X42: 561.62713 | Y42: =_xlfn.XLOOKUP(Table1820[[#This Row],[Coverage]],CoverageTable[Coverage],CoverageTable[Base Rate],,0) -> 622 | Z42: =INDEX(Table16[Ageband Factor],MATCH(Table1820[[#This Row],[Ageband]],Table16[Ageband],0)) -> 1.23 | AA42: =VLOOKUP(Table1820[[#This Row],[Years Driving]],Table1[],2) -> 0.95 | AB42: =_xlfn.XLOOKUP(Table1820[[#This Row],[At Fault Accidents]],Table2[At Fault Accidents],Table2[At Fault Accident Factor],,0) -> 1.34 | AC42: =_xlfn.XLOOKUP(Table1820[[#This Row],[Usage-Based Insurance]],Table3[Usage-Based Insurance],Table3[Usage-Based Insurance Discount],,0) -> 1 | AD42: =_xlfn.XLOOKUP(Table1820[[#This Row],[Yearly Miles]],Table4[Yearly Miles],Table4[Yearly Miles Factor],,0) -> 0.82 | AE42: =_xlfn.XLOOKUP(Table1820[[#This Row],[City/Zip Code]],Table5[City/Zip Code],Table5[City/Zip Code Factor],,0) -> 1.15 | AF42: =_xlfn.XLOOKUP(Table1820[[#This Row],[Vehicle Price]],Table6[Vehicle Price],Table6[Vehicle Price Factor]) -> 1.28 | AG42: =_xlfn.XLOOKUP(Table1820[[#This Row],[Exotic Car]],Table7[Exotic Car],Table7[Exotic Car Factor],,0) -> 1 | AH42: =_xlfn.XLOOKUP(Table1820[[#This Row],[Difficult Parts]],Table8[Difficult Parts],Table8[Difficult Parts Factor],,0) -> 1 | AI42: =_xlfn.XLOOKUP(Table1820[[#This Row],[High Theft Rate]],Table9[High Theft Rate],Table9[High Theft Rate Factor],,0) -> 1 | AJ42: =_xlfn.XLOOKUP(Table1820[[#This Row],[Advanced Safety Features]],Table10[Advanced Safety Features],Table10[Advanced Safety Features Factor],,0) -> 0.88 | AK42: =_xlfn.XLOOKUP(Table1820[[#This Row],[Deductible]],Table12[Deductible],Table12[Deductible Factor],,0) -> 1 | AL42: =_xlfn.XLOOKUP(Table1820[[#This Row],[Coverage Limit]],Table13[Coverage Limit],Table13[Coverage Limit Factor],,0) -> 0.61 | AM42: =IF(Table1820[[#This Row],[Good Student Discount]]="Yes",'Rate Book'!$D$126,1) -> 1 | AN42: =IF(Table1820[[#This Row],[Good Driver Discount]]="Yes",'Rate Book'!$D$127,1) -> 0.89 | AO42: =IF(Table1820[[#This Row],[Multi Policy Discount]]="Yes",'Rate Book'!$D$128,1) -> 1 | AP42: =IF(Table1820[[#This Row],[Loyal Customer Discount]]="Yes",'Rate Book'!$D$129,1) -> 1 | AQ42: =IF(Table1820[[#This Row],[Organization Discount]]="Yes",'Rate Book'!$D$130,1) -> 1 | AR42: {=IF(Table1820[[#This Row],[Effective Date]]>=RateChangeTable[Effective Date],RateChangeTable[Rate Change Factor],1)} -> 1 | AS42: =PRODUCT(Table1820[[#This Row],[Base Rate]:[Rate Change Factor]]) -> 561.62713 | AT42: =Table1820[[#This Row],[System-Generated Premium]]-Table1820[[#This Row],[Expected Premium]] -> 0 | AU42: =IF(Table1820[[#This Row],[Difference]]=0,"PASS","FAIL") -> PASS | AV42: =ABS(Table1820[[#This Row],[Difference]]) -> 0 | AW42: No Issue
A43: P0042 | B43: 45994 | C43: Comprehensive | D43: 16-24 | E43: 8+ | F43: 4 | G43: Yes (High Score) | H43: 0-4,999 | I43: Long Beach (90712) | J43: $0-$4,999 | K43: No | L43: No | M43: No | N43: No | O43: =INDEX(CoverageTable[Deductible Applies],MATCH(Table1820[[#This Row],[Coverage]],CoverageTable[Coverage],0)) -> Yes | P43: =INDEX(CoverageTable[Coverage Limit Applies],MATCH(Table1820[[#This Row],[Coverage]],CoverageTable[Coverage],0)) -> No | Q43: Yes (Medium) | R43: No | S43: No | T43: Yes | U43: No | V43: No | W43: No | X43: 115.24086 | Y43: =_xlfn.XLOOKUP(Table1820[[#This Row],[Coverage]],CoverageTable[Coverage],CoverageTable[Base Rate],,0) -> 121 | Z43: =INDEX(Table16[Ageband Factor],MATCH(Table1820[[#This Row],[Ageband]],Table16[Ageband],0)) -> 1.32 | AA43: =VLOOKUP(Table1820[[#This Row],[Years Driving]],Table1[],2) -> 0.93 | AB43: =_xlfn.XLOOKUP(Table1820[[#This Row],[At Fault Accidents]],Table2[At Fault Accidents],Table2[At Fault Accident Factor],,0) -> 2.12 | AC43: =_xlfn.XLOOKUP(Table1820[[#This Row],[Usage-Based Insurance]],Table3[Usage-Based Insurance],Table3[Usage-Based Insurance Discount],,0) -> 0.65 | AD43: =_xlfn.XLOOKUP(Table1820[[#This Row],[Yearly Miles]],Table4[Yearly Miles],Table4[Yearly Miles Factor],,0) -> 0.82 | AE43: =_xlfn.XLOOKUP(Table1820[[#This Row],[City/Zip Code]],Table5[City/Zip Code],Table5[City/Zip Code Factor],,0) -> 1.12 | AF43: =_xlfn.XLOOKUP(Table1820[[#This Row],[Vehicle Price]],Table6[Vehicle Price],Table6[Vehicle Price Factor]) -> 0.82 | AG43: =_xlfn.XLOOKUP(Table1820[[#This Row],[Exotic Car]],Table7[Exotic Car],Table7[Exotic Car Factor],,0) -> 1 | AH43: =_xlfn.XLOOKUP(Table1820[[#This Row],[Difficult Parts]],Table8[Difficult Parts],Table8[Difficult Parts Factor],,0) -> 1 | AI43: =_xlfn.XLOOKUP(Table1820[[#This Row],[High Theft Rate]],Table9[High Theft Rate],Table9[High Theft Rate Factor],,0) -> 1 | AJ43: =_xlfn.XLOOKUP(Table1820[[#This Row],[Advanced Safety Features]],Table10[Advanced Safety Features],Table10[Advanced Safety Features Factor],,0) -> 1 | AK43: =_xlfn.XLOOKUP(Table1820[[#This Row],[Deductible]],Table12[Deductible],Table12[Deductible Factor],,0) -> 0.84 | AL43: =_xlfn.XLOOKUP(Table1820[[#This Row],[Coverage Limit]],Table13[Coverage Limit],Table13[Coverage Limit Factor],,0) -> 1 | AM43: =IF(Table1820[[#This Row],[Good Student Discount]]="Yes",'Rate Book'!$D$126,1) -> 1 | AN43: =IF(Table1820[[#This Row],[Good Driver Discount]]="Yes",'Rate Book'!$D$127,1) -> 0.89 | AO43: =IF(Table1820[[#This Row],[Multi Policy Discount]]="Yes",'Rate Book'!$D$128,1) -> 1 | AP43: =IF(Table1820[[#This Row],[Loyal Customer Discount]]="Yes",'Rate Book'!$D$129,1) -> 1 | AQ43: =IF(Table1820[[#This Row],[Organization Discount]]="Yes",'Rate Book'!$D$130,1) -> 1 | AR43: {=IF(Table1820[[#This Row],[Effective Date]]>=RateChangeTable[Effective Date],RateChangeTable[Rate Change Factor],1)} -> 1 | AS43: =PRODUCT(Table1820[[#This Row],[Base Rate]:[Rate Change Factor]]) -> 115.24086 | AT43: =Table1820[[#This Row],[System-Generated Premium]]-Table1820[[#This Row],[Expected Premium]] -> 0 | AU43: =IF(Table1820[[#This Row],[Difference]]=0,"PASS","FAIL") -> PASS | AV43: =ABS(Table1820[[#This Row],[Difference]]) -> 0 | AW43: No Issue
A44: P0043 | B44: 45806 | C44: Collision | D44: 55-64 | E44: 3 | F44: 4 | G44: Yes (Low Score) | H44: 17,000+ | I44: Long Beach (90712) | J44: $0-$4,999 | K44: No | L44: Yes | M44: No | N44: Yes | O44: =INDEX(CoverageTable[Deductible Applies],MATCH(Table1820[[#This Row],[Coverage]],CoverageTable[Coverage],0)) -> Yes | P44: =INDEX(CoverageTable[Coverage Limit Applies],MATCH(Table1820[[#This Row],[Coverage]],CoverageTable[Coverage],0)) -> No | Q44: Yes (Medium) | R44: No | S44: No | T44: Yes | U44: Yes | V44: No | W44: No | X44: 1110.3476 | Y44: =_xlfn.XLOOKUP(Table1820[[#This Row],[Coverage]],CoverageTable[Coverage],CoverageTable[Base Rate],,0) -> 453 | Z44: =INDEX(Table16[Ageband Factor],MATCH(Table1820[[#This Row],[Ageband]],Table16[Ageband],0)) -> 1.12 | AA44: =VLOOKUP(Table1820[[#This Row],[Years Driving]],Table1[],2) -> 1.22 | AB44: =_xlfn.XLOOKUP(Table1820[[#This Row],[At Fault Accidents]],Table2[At Fault Accidents],Table2[At Fault Accident Factor],,0) -> 2.12 | AC44: =_xlfn.XLOOKUP(Table1820[[#This Row],[Usage-Based Insurance]],Table3[Usage-Based Insurance],Table3[Usage-Based Insurance Discount],,0) -> 0.95 | AD44: =_xlfn.XLOOKUP(Table1820[[#This Row],[Yearly Miles]],Table4[Yearly Miles],Table4[Yearly Miles Factor],,0) -> 1.31 | AE44: =_xlfn.XLOOKUP(Table1820[[#This Row],[City/Zip Code]],Table5[City/Zip Code],Table5[City/Zip Code Factor],,0) -> 1.12 | AF44: =_xlfn.XLOOKUP(Table1820[[#This Row],[Vehicle Price]],Table6[Vehicle Price],Table6[Vehicle Price Factor]) -> 0.82 | AG44: =_xlfn.XLOOKUP(Table1820[[#This Row],[Exotic Car]],Table7[Exotic Car],Table7[Exotic Car Factor],,0) -> 1 | AH44: =_xlfn.XLOOKUP(Table1820[[#This Row],[Difficult Parts]],Table8[Difficult Parts],Table8[Difficult Parts Factor],,0) -> 1.21 | AI44: =_xlfn.XLOOKUP(Table1820[[#This Row],[High Theft Rate]],Table9[High Theft Rate],Table9[High Theft Rate Factor],,0) -> 1 | AJ44: =_xlfn.XLOOKUP(Table1820[[#This Row],[Advanced Safety Features]],Table10[Advanced Safety Features],Table10[Advanced Safety Features Factor],,0) -> 0.88 | AK44: =_xlfn.XLOOKUP(Table1820[[#This Row],[Deductible]],Table12[Deductible],Table12[Deductible Factor],,0) -> 0.84 | AL44: =_xlfn.XLOOKUP(Table1820[[#This Row],[Coverage Limit]],Table13[Coverage Limit],Table13[Coverage Limit Factor],,0) -> 1 | AM44: =IF(Table1820[[#This Row],[Good Student Discount]]="Yes",'Rate Book'!$D$126,1) -> 1 | AN44: =IF(Table1820[[#This Row],[Good Driver Discount]]="Yes",'Rate Book'!$D$127,1) -> 0.89 | AO44: =IF(Table1820[[#This Row],[Multi Policy Discount]]="Yes",'Rate Book'!$D$128,1) -> 0.93 | AP44: =IF(Table1820[[#This Row],[Loyal Customer Discount]]="Yes",'Rate Book'!$D$129,1) -> 1 | AQ44: =IF(Table1820[[#This Row],[Organization Discount]]="Yes",'Rate Book'!$D$130,1) -> 1 | AR44: {=IF(Table1820[[#This Row],[Effective Date]]>=RateChangeTable[Effective Date],RateChangeTable[Rate Change Factor],1)} -> 1 | AS44: =PRODUCT(Table1820[[#This Row],[Base Rate]:[Rate Change Factor]]) -> 1110.3476 | AT44: =Table1820[[#This Row],[System-Generated Premium]]-Table1820[[#This Row],[Expected Premium]] -> 0 | AU44: =IF(Table1820[[#This Row],[Difference]]=0,"PASS","FAIL") -> PASS | AV44: =ABS(Table1820[[#This Row],[Difference]]) -> 0 | AW44: No Issue
A45: P0044 | B45: 45781 | C45: Uninsured Motorist | D45: 25-34 | E45: 8+ | F45: 0 | G45: No | H45: 13,500-16,999 | I45: Irvine (92602) | J45: $45,000-$84,999 | K45: No | L45: No | M45: No | N45: No | O45: =INDEX(CoverageTable[Deductible Applies],MATCH(Table1820[[#This Row],[Coverage]],CoverageTable[Coverage],0)) -> No | P45: =INDEX(CoverageTable[Coverage Limit Applies],MATCH(Table1820[[#This Row],[Coverage]],CoverageTable[Coverage],0)) -> Yes | Q45: No | R45: Yes (High) | S45: No | T45: No | U45: No | V45: No | W45: No | X45: 151.34571 | Y45: =_xlfn.XLOOKUP(Table1820[[#This Row],[Coverage]],CoverageTable[Coverage],CoverageTable[Base Rate],,0) -> 78 | Z45: =INDEX(Table16[Ageband Factor],MATCH(Table1820[[#This Row],[Ageband]],Table16[Ageband],0)) -> 1.23 | AA45: =VLOOKUP(Table1820[[#This Row],[Years Driving]],Table1[],2) -> 0.93 | AB45: =_xlfn.XLOOKUP(Table1820[[#This Row],[At Fault Accidents]],Table2[At Fault Accidents],Table2[At Fault Accident Factor],,0) -> 1 | AC45: =_xlfn.XLOOKUP(Table1820[[#This Row],[Usage-Based Insurance]],Table3[Usage-Based Insurance],Table3[Usage-Based Insurance Discount],,0) -> 1 | AD45: =_xlfn.XLOOKUP(Table1820[[#This Row],[Yearly Miles]],Table4[Yearly Miles],Table4[Yearly Miles Factor],,0) -> 1.18 | AE45: =_xlfn.XLOOKUP(Table1820[[#This Row],[City/Zip Code]],Table5[City/Zip Code],Table5[City/Zip Code Factor],,0) -> 1.09 | AF45: =_xlfn.XLOOKUP(Table1820[[#This Row],[Vehicle Price]],Table6[Vehicle Price],Table6[Vehicle Price Factor]) -> 1.57 | AG45: =_xlfn.XLOOKUP(Table1820[[#This Row],[Exotic Car]],Table7[Exotic Car],Table7[Exotic Car Factor],,0) -> 1 | AH45: =_xlfn.XLOOKUP(Table1820[[#This Row],[Difficult Parts]],Table8[Difficult Parts],Table8[Difficult Parts Factor],,0) -> 1 | AI45: =_xlfn.XLOOKUP(Table1820[[#This Row],[High Theft Rate]],Table9[High Theft Rate],Table9[High Theft Rate Factor],,0) -> 1 | AJ45: =_xlfn.XLOOKUP(Table1820[[#This Row],[Advanced Safety Features]],Table10[Advanced Safety Features],Table10[Advanced Safety Features Factor],,0) -> 1 | AK45: =_xlfn.XLOOKUP(Table1820[[#This Row],[Deductible]],Table12[Deductible],Table12[Deductible Factor],,0) -> 1 | AL45: =_xlfn.XLOOKUP(Table1820[[#This Row],[Coverage Limit]],Table13[Coverage Limit],Table13[Coverage Limit Factor],,0) -> 0.84 | AM45: =IF(Table1820[[#This Row],[Good Student Discount]]="Yes",'Rate Book'!$D$126,1) -> 1 | AN45: =IF(Table1820[[#This Row],[Good Driver Discount]]="Yes",'Rate Book'!$D$127,1) -> 1 | AO45: =IF(Table1820[[#This Row],[Multi Policy Discount]]="Yes",'Rate Book'!$D$128,1) -> 1 | AP45: =IF(Table1820[[#This Row],[Loyal Customer Discount]]="Yes",'Rate Book'!$D$129,1) -> 1 | AQ45: =IF(Table1820[[#This Row],[Organization Discount]]="Yes",'Rate Book'!$D$130,1) -> 1 | AR45: {=IF(Table1820[[#This Row],[Effective Date]]>=RateChangeTable[Effective Date],RateChangeTable[Rate Change Factor],1)} -> 1 | AS45: =PRODUCT(Table1820[[#This Row],[Base Rate]:[Rate Change Factor]]) -> 151.34571 | AT45: =Table1820[[#This Row],[System-Generated Premium]]-Table1820[[#This Row],[Expected Premium]] -> 0 | AU45: =IF(Table1820[[#This Row],[Difference]]=0,"PASS","FAIL") -> PASS | AV45: =ABS(Table1820[[#This Row],[Difference]]) -> 0 | AW45: No Issue
